{"stats":{"minecraft:used":{"minecraft:wooden_axe":4,"minecraft:apple":3,"minecraft:wooden_pickaxe":20,"minecraft:wooden_sword":14,"minecraft:cobblestone":3,"minecraft:crafting_table":1,"alexsmobs:animal_dictionary":2},"minecraft:picked_up":{"minecraft:stick":7,"swem:timothy_seeds":1,"minecraft:crafting_table":1,"minecraft:azure_bluet":1,"minecraft:feather":2,"minecraft:chicken":1,"beautify:birch_trellis":12,"minecraft:andesite":5,"minecraft:torch":1,"minecraft:dandelion":8,"minecraft:oak_log":42,"minecraft:dirt":11,"minecraft:apple":4,"minecraft:wheat_seeds":1,"minecraft:bone_meal":19,"minecraft:oak_sapling":23,"minecraft:chest":1,"minecraft:birch_sapling":1,"minecraft:oak_planks":1,"minecraft:oak_leaves":4,"beautify:hanging_pot":2,"minecraft:cobblestone":15},"minecraft:killed":{"minecraft:zombie":1,"minecraft:chicken":1},"minecraft:custom":{"minecraft:time_since_rest":12246,"minecraft:sprint_one_cm":14067,"minecraft:damage_taken":180,"minecraft:walk_one_cm":85388,"minecraft:mob_kills":4,"minecraft:drop":10,"minecraft:damage_dealt":165,"minecraft:interact_with_crafting_table":2,"minecraft:fly_one_cm":15266,"minecraft:open_chest":1,"minecraft:crouch_one_cm":339,"minecraft:play_time":12246,"tombstone:undead_killed":1,"minecraft:sneak_time":36,"minecraft:jump":169,"minecraft:time_since_death":12246,"minecraft:walk_on_water_one_cm":153,"minecraft:total_world_time":12246,"minecraft:fall_one_cm":3193},"minecraft:dropped":{"beautify:birch_trellis":6,"swem:timothy_seeds":1,"minecraft:wheat_seeds":1,"minecraft:birch_sapling":1,"minecraft:oak_sapling":23,"minecraft:azure_bluet":1,"minecraft:oak_leaves":4,"beautify:hanging_pot":2,"minecraft:dandelion":8},"minecraft:mined":{"minecraft:andesite":5,"minecraft:crafting_table":1,"minecraft:grass":2,"minecraft:oak_log":42,"minecraft:chest":1,"minecraft:tall_grass":4,"minecraft:stone":15,"minecraft:oak_leaves":2},"minecraft:crafted":{"minecraft:wooden_sword":1,"minecraft:oak_planks":168,"minecraft:crafting_table":1,"minecraft:stick":4,"minecraft:wooden_pickaxe":1,"minecraft:wooden_axe":1}},"DataVersion":3465}