{"stats":{"minecraft:used":{"minecraft:stone_pickaxe":351,"minecraft:wooden_pickaxe":59,"minecraft:cooked_chicken":3,"minecraft:torch":6,"minecraft:dirt":3,"minecraft:crafting_table":3,"minecraft:granite":3,"minecraft:wooden_axe":4,"minecraft:apple":4,"minecraft:wooden_sword":22,"minecraft:cobblestone":3,"minecraft:furnace":2,"alexsmobs:animal_dictionary":2},"minecraft:picked_up":{"swem:timothy_seeds":1,"minecraft:crafting_table":1,"minecraft:feather":3,"minecraft:azure_bluet":1,"minecraft:chicken":3,"minecraft:andesite":8,"swem:star_worm":25,"minecraft:oak_log":42,"minecraft:dirt":17,"minecraft:raw_copper":57,"minecraft:apple":4,"minecraft:wheat_seeds":1,"minecraft:chest":1,"minecraft:birch_sapling":1,"minecraft:oak_planks":1,"beautify:hanging_pot":2,"minecraft:stick":7,"minecraft:raw_iron":20,"beautify:birch_trellis":12,"minecraft:torch":2,"minecraft:dandelion":8,"minecraft:gravel":2,"tombstone:grave_dust":2,"minecraft:diorite":30,"minecraft:granite":34,"minecraft:bone_meal":19,"minecraft:oak_sapling":23,"minecraft:coal":24,"minecraft:oak_leaves":4,"minecraft:cobblestone":265},"minecraft:killed":{"minecraft:skeleton":1,"minecraft:zombie":1,"minecraft:chicken":3},"minecraft:custom":{"minecraft:interact_with_furnace":18,"minecraft:mob_kills":7,"minecraft:interact_with_crafting_table":12,"minecraft:time_since_death":48246,"minecraft:time_since_rest":48246,"minecraft:sprint_one_cm":31704,"minecraft:damage_taken":275,"minecraft:walk_one_cm":179801,"minecraft:drop":10,"minecraft:damage_dealt":435,"minecraft:fly_one_cm":31175,"minecraft:open_chest":1,"minecraft:crouch_one_cm":846,"minecraft:play_time":48246,"tombstone:undead_killed":2,"minecraft:sneak_time":553,"minecraft:walk_under_water_one_cm":388,"minecraft:jump":631,"minecraft:walk_on_water_one_cm":1521,"minecraft:total_world_time":48246,"minecraft:fall_one_cm":5852},"minecraft:dropped":{"minecraft:wheat_seeds":1,"minecraft:birch_sapling":1,"minecraft:azure_bluet":1,"beautify:hanging_pot":2,"beautify:birch_trellis":6,"swem:timothy_seeds":1,"minecraft:oak_sapling":23,"minecraft:oak_leaves":4,"minecraft:dandelion":8},"minecraft:broken":{"minecraft:stone_pickaxe":2,"minecraft:wooden_pickaxe":1},"minecraft:mined":{"minecraft:crafting_table":1,"minecraft:granite":34,"minecraft:grass_block":1,"minecraft:chest":1,"minecraft:tall_grass":4,"swem:star_worm_cobble":6,"minecraft:copper_ore":15,"minecraft:diorite":30,"minecraft:wall_torch":1,"minecraft:iron_ore":20,"minecraft:andesite":8,"minecraft:grass":2,"minecraft:oak_log":42,"minecraft:coal_ore":24,"minecraft:gravel":2,"minecraft:dirt":5,"minecraft:stone":264,"minecraft:oak_leaves":2},"minecraft:crafted":{"minecraft:wooden_sword":1,"minecraft:oak_planks":168,"minecraft:crafting_table":2,"minecraft:wooden_pickaxe":1,"minecraft:cooked_chicken":3,"minecraft:furnace":2,"minecraft:air":0,"minecraft:stick":20,"minecraft:iron_ingot":6,"minecraft:stone_pickaxe":3,"minecraft:wooden_axe":1,"minecraft:torch":64}},"DataVersion":3465}