{"stats":{"minecraft:used":{"minecraft:wooden_axe":4,"minecraft:apple":4,"minecraft:stone_pickaxe":59,"minecraft:wooden_pickaxe":59,"minecraft:cooked_chicken":1,"minecraft:wooden_sword":20,"minecraft:cobblestone":3,"minecraft:crafting_table":2,"minecraft:furnace":1,"alexsmobs:animal_dictionary":2},"minecraft:picked_up":{"minecraft:raw_iron":6,"minecraft:stick":7,"swem:timothy_seeds":1,"minecraft:crafting_table":1,"minecraft:azure_bluet":1,"minecraft:feather":2,"minecraft:chicken":1,"beautify:birch_trellis":12,"minecraft:andesite":8,"swem:star_worm":25,"minecraft:torch":1,"minecraft:dandelion":8,"minecraft:oak_log":42,"tombstone:grave_dust":2,"minecraft:dirt":11,"minecraft:apple":4,"minecraft:wheat_seeds":1,"minecraft:bone_meal":19,"minecraft:coal":1,"minecraft:oak_sapling":23,"minecraft:chest":1,"minecraft:birch_sapling":1,"minecraft:oak_planks":1,"minecraft:oak_leaves":4,"beautify:hanging_pot":2,"minecraft:cobblestone":98},"minecraft:killed":{"minecraft:zombie":1,"minecraft:chicken":1,"minecraft:skeleton":1},"minecraft:custom":{"minecraft:time_since_rest":24246,"minecraft:sprint_one_cm":14067,"minecraft:damage_taken":275,"minecraft:walk_one_cm":107401,"minecraft:mob_kills":5,"minecraft:drop":10,"minecraft:damage_dealt":355,"minecraft:interact_with_crafting_table":6,"minecraft:fly_one_cm":15481,"minecraft:open_chest":1,"minecraft:crouch_one_cm":794,"minecraft:play_time":24246,"tombstone:undead_killed":2,"minecraft:walk_under_water_one_cm":388,"minecraft:sneak_time":549,"minecraft:jump":314,"minecraft:time_since_death":24246,"minecraft:walk_on_water_one_cm":1521,"minecraft:total_world_time":24246,"minecraft:interact_with_furnace":11,"minecraft:fall_one_cm":3615},"minecraft:broken":{"minecraft:wooden_pickaxe":1},"minecraft:dropped":{"beautify:birch_trellis":6,"swem:timothy_seeds":1,"minecraft:wheat_seeds":1,"minecraft:birch_sapling":1,"minecraft:oak_sapling":23,"minecraft:azure_bluet":1,"minecraft:oak_leaves":4,"beautify:hanging_pot":2,"minecraft:dandelion":8},"minecraft:mined":{"minecraft:iron_ore":6,"minecraft:andesite":8,"minecraft:crafting_table":1,"minecraft:grass":2,"minecraft:coal_ore":1,"minecraft:oak_log":42,"minecraft:chest":1,"swem:star_worm_cobble":6,"minecraft:tall_grass":4,"minecraft:stone":97,"minecraft:oak_leaves":2},"minecraft:crafted":{"minecraft:wooden_sword":1,"minecraft:oak_planks":168,"minecraft:crafting_table":1,"minecraft:stick":4,"minecraft:iron_ingot":6,"minecraft:cooked_chicken":1,"minecraft:wooden_pickaxe":1,"minecraft:stone_pickaxe":1,"minecraft:wooden_axe":1,"minecraft:furnace":1,"minecraft:air":0}},"DataVersion":3465}