{"stats":{"minecraft:used":{"minecraft:cooked_mutton":1,"minecraft:stone_pickaxe":394,"minecraft:wooden_pickaxe":59,"minecraft:cooked_chicken":3,"minecraft:torch":6,"minecraft:dirt":3,"minecraft:crafting_table":3,"minecraft:granite":3,"minecraft:wooden_axe":5,"minecraft:apple":6,"minecraft:wooden_sword":30,"minecraft:cobblestone":3,"minecraft:furnace":2,"alexsmobs:animal_dictionary":2},"minecraft:picked_up":{"swem:timothy_seeds":1,"minecraft:crafting_table":2,"minecraft:feather":3,"minecraft:azure_bluet":1,"minecraft:chicken":3,"minecraft:andesite":8,"swem:star_worm":25,"minecraft:oak_log":76,"minecraft:dirt":23,"minecraft:raw_copper":57,"minecraft:apple":6,"minecraft:wheat_seeds":1,"minecraft:chest":1,"minecraft:birch_sapling":3,"minecraft:oak_planks":1,"beautify:hanging_pot":2,"minecraft:furnace":1,"minecraft:stick":20,"minecraft:raw_iron":20,"beautify:birch_trellis":12,"minecraft:torch":2,"minecraft:dandelion":8,"minecraft:gravel":2,"tombstone:grave_dust":2,"minecraft:diorite":45,"minecraft:granite":35,"minecraft:bone_meal":19,"minecraft:oak_sapling":33,"minecraft:mutton":1,"minecraft:coal":24,"minecraft:oak_leaves":4,"minecraft:cobblestone":291},"minecraft:killed":{"minecraft:sheep":1,"minecraft:skeleton":1,"minecraft:zombie":1,"minecraft:chicken":3},"minecraft:custom":{"minecraft:interact_with_furnace":32,"minecraft:mob_kills":8,"minecraft:interact_with_crafting_table":21,"minecraft:leave_game":1,"minecraft:time_since_death":70895,"minecraft:time_since_rest":70895,"minecraft:sprint_one_cm":89933,"minecraft:damage_taken":395,"minecraft:walk_one_cm":246546,"minecraft:drop":14,"minecraft:damage_dealt":515,"minecraft:fly_one_cm":64070,"minecraft:open_chest":1,"minecraft:crouch_one_cm":973,"minecraft:play_time":70895,"tombstone:undead_killed":2,"minecraft:sneak_time":576,"minecraft:walk_under_water_one_cm":2591,"minecraft:jump":979,"minecraft:walk_on_water_one_cm":3590,"minecraft:total_world_time":70895,"minecraft:fall_one_cm":11452},"minecraft:dropped":{"minecraft:wheat_seeds":1,"minecraft:birch_sapling":3,"minecraft:azure_bluet":1,"beautify:hanging_pot":2,"beautify:birch_trellis":12,"swem:timothy_seeds":1,"minecraft:andesite":8,"minecraft:oak_sapling":33,"minecraft:oak_leaves":4,"minecraft:dandelion":8},"minecraft:broken":{"minecraft:stone_pickaxe":3,"minecraft:wooden_pickaxe":1},"minecraft:mined":{"minecraft:crafting_table":2,"minecraft:granite":35,"minecraft:grass_block":6,"minecraft:chest":1,"minecraft:tall_grass":4,"swem:star_worm_cobble":6,"minecraft:copper_ore":15,"minecraft:diorite":45,"minecraft:wall_torch":1,"minecraft:furnace":1,"minecraft:iron_ore":20,"minecraft:andesite":8,"minecraft:grass":3,"minecraft:oak_log":76,"minecraft:coal_ore":24,"minecraft:gravel":2,"minecraft:dirt":6,"minecraft:stone":290,"minecraft:oak_leaves":2},"minecraft:crafted":{"minecraft:wooden_sword":1,"minecraft:oak_planks":168,"minecraft:crafting_table":2,"minecraft:iron_helmet":1,"minecraft:wooden_pickaxe":1,"minecraft:cooked_chicken":3,"minecraft:furnace":2,"minecraft:cooked_mutton":1,"minecraft:air":0,"minecraft:iron_chestplate":1,"minecraft:stick":20,"minecraft:iron_ingot":20,"minecraft:stone_pickaxe":3,"minecraft:wooden_axe":1,"minecraft:iron_leggings":1,"minecraft:torch":64}},"DataVersion":3465}