{"stats":{"minecraft:killed_by":{"vampirism:advanced_vampire":1,"minecraft:player":6},"minecraft:used":{"minecraft:stone_sword":87,"minecraft:oak_planks":3,"minecraft:bread":2,"minecraft:stone_pickaxe":10,"minecraft:iron_helmet":1,"minecraft:wooden_pickaxe":6,"tombstone:grave_key":2,"minecraft:iron_boots":1,"minecraft:smooth_basalt":1,"minecraft:iron_chestplate":1,"minecraft:cobblestone":2,"minecraft:crafting_table":2,"tombstone:gift":1,"minecraft:snowball":5,"minecraft:spruce_log":2},"minecraft:custom":{"minecraft:time_since_rest":1289,"minecraft:interact_with_furnace":1,"minecraft:sprint_one_cm":110544,"minecraft:damage_taken":1953,"minecraft:walk_one_cm":71044,"minecraft:mob_kills":5,"minecraft:drop":14,"minecraft:damage_dealt":1460,"minecraft:interact_with_crafting_table":7,"minecraft:swim_one_cm":494,"minecraft:fly_one_cm":144642,"minecraft:open_barrel":1,"minecraft:open_chest":1,"minecraft:crouch_one_cm":1951,"minecraft:play_time":29657,"tombstone:undead_killed":2,"minecraft:deaths":7,"minecraft:sneak_time":620,"minecraft:walk_under_water_one_cm":2326,"minecraft:jump":748,"minecraft:leave_game":3,"minecraft:time_since_death":1738,"minecraft:walk_on_water_one_cm":7155,"minecraft:total_world_time":29657,"minecraft:fall_one_cm":11924},"minecraft:picked_up":{"minecraft:crafting_table":1,"minecraft:iron_chestplate":1,"minecraft:smooth_basalt":1,"minecraft:oak_fence":1,"tombstone:grave_key":1,"minecraft:gunpowder":2,"minecraft:spruce_log":10,"minecraft:spider_eye":1,"minecraft:string":50,"minecraft:cobbled_deepslate":9,"minecraft:iron_helmet":1,"comforts:sleeping_bag_white":1,"minecraft:spruce_planks":10,"minecraft:bread":19,"minecraft:oak_planks":5,"minecraft:snowball":13,"minecraft:iron_boots":1,"minecraft:cobblestone":7},"minecraft:broken":{"minecraft:stone_sword":1},"minecraft:killed":{"vampirism:vampire":1,"minecraft:cave_spider":1,"minecraft:zombie":2,"minecraft:creeper":1},"minecraft:dropped":{"minecraft:bread":17,"minecraft:spruce_planks":4,"tombstone:grave_key":3,"tombstone:grave_dust":1,"minecraft:wooden_pickaxe":1},"minecraft:crafted":{"minecraft:crafting_table":2,"minecraft:spruce_planks":32,"minecraft:stick":8,"minecraft:wooden_pickaxe":1,"minecraft:stone_pickaxe":1,"minecraft:stone_sword":2},"minecraft:mined":{"comforts:sleeping_bag_white":1,"minecraft:cobbled_deepslate":3,"minecraft:ice":1,"minecraft:spruce_log":8,"minecraft:crafting_table":1,"minecraft:cobweb":45,"minecraft:spruce_leaves":1,"minecraft:stone":6,"minecraft:oak_planks":2,"minecraft:deepslate":5,"minecraft:spawner":1}},"DataVersion":3465}