{"stats":{"minecraft:picked_up":{"minecraft:iron_chestplate":1,"minecraft:smooth_basalt":1,"tombstone:grave_key":1,"minecraft:gunpowder":2,"minecraft:spruce_log":9,"comforts:sleeping_bag_white":1,"minecraft:spruce_planks":10,"minecraft:iron_helmet":1,"minecraft:snowball":13,"minecraft:cobblestone":7,"minecraft:iron_boots":1},"minecraft:crafted":{"minecraft:crafting_table":1,"minecraft:spruce_planks":28,"minecraft:stick":8,"minecraft:wooden_pickaxe":1,"minecraft:stone_pickaxe":1,"minecraft:stone_sword":1},"minecraft:used":{"minecraft:stone_sword":27,"minecraft:iron_helmet":1,"minecraft:wooden_pickaxe":6,"minecraft:iron_boots":1,"tombstone:grave_key":2,"minecraft:iron_chestplate":1,"minecraft:crafting_table":1,"tombstone:gift":1,"minecraft:snowball":5,"minecraft:spruce_log":1},"minecraft:dropped":{"minecraft:spruce_planks":4,"tombstone:grave_key":2,"minecraft:wooden_pickaxe":1},"minecraft:killed_by":{"minecraft:player":4},"minecraft:killed":{"vampirism:vampire":1,"minecraft:zombie":2,"minecraft:creeper":1},"minecraft:custom":{"minecraft:time_since_rest":4633,"minecraft:interact_with_furnace":1,"minecraft:sprint_one_cm":43462,"minecraft:damage_taken":1216,"minecraft:walk_one_cm":39264,"minecraft:mob_kills":4,"minecraft:drop":7,"minecraft:damage_dealt":1101,"minecraft:swim_one_cm":494,"minecraft:interact_with_crafting_table":5,"minecraft:fly_one_cm":117592,"minecraft:open_barrel":1,"minecraft:open_chest":1,"minecraft:crouch_one_cm":1781,"minecraft:play_time":20112,"tombstone:undead_killed":2,"minecraft:deaths":4,"minecraft:sneak_time":586,"minecraft:walk_under_water_one_cm":2326,"minecraft:jump":558,"minecraft:leave_game":2,"minecraft:walk_on_water_one_cm":7155,"minecraft:time_since_death":6252,"minecraft:total_world_time":20112,"minecraft:fall_one_cm":11014},"minecraft:mined":{"minecraft:ice":1,"minecraft:spruce_log":7,"minecraft:spruce_leaves":1,"minecraft:stone":6}},"DataVersion":3465}