{"stats":{"minecraft:killed_by":{"minecraft:husk":1,"vampirism:advanced_vampire":1,"minecraft:player":8,"minecraft:creeper":1,"minecraft:skeleton":1},"minecraft:custom":{"minecraft:mob_kills":31,"minecraft:interact_with_crafting_table":19,"minecraft:open_barrel":3,"minecraft:damage_dealt_resisted":473,"minecraft:leave_game":4,"minecraft:time_since_death":1568,"minecraft:climb_one_cm":1260,"minecraft:sprint_one_cm":245337,"minecraft:walk_one_cm":176362,"minecraft:damage_blocked_by_shield":910,"minecraft:drop":44,"minecraft:play_time":71189,"minecraft:deaths":17,"minecraft:sneak_time":2488,"minecraft:walk_under_water_one_cm":12738,"minecraft:jump":1889,"minecraft:interact_with_blast_furnace":3,"minecraft:walk_on_water_one_cm":16974,"minecraft:total_world_time":71189,"minecraft:interact_with_furnace":29,"minecraft:time_since_rest":1211,"minecraft:damage_taken":5156,"minecraft:damage_dealt":7399,"minecraft:swim_one_cm":17206,"minecraft:fly_one_cm":387307,"minecraft:open_chest":10,"minecraft:crouch_one_cm":7035,"tombstone:undead_killed":20,"minecraft:fall_one_cm":32505},"minecraft:used":{"minecraft:oak_fence":1,"minecraft:stone_sword":202,"minecraft:shield":19,"minecraft:iron_sword":49,"minecraft:iron_chestplate":1,"minecraft:torch":3,"minecraft:dirt":21,"minecraft:carrot":2,"minecraft:tuff":1,"minecraft:snowball":17,"minecraft:flowering_azalea":1,"minecraft:iron_helmet":1,"minecraft:iron_boots":1,"minecraft:smooth_basalt":1,"minecraft:bow":2,"minecraft:furnace":1,"tombstone:gift":5,"minecraft:cooked_beef":3,"minecraft:cobbled_deepslate":20,"minecraft:iron_leggings":1,"minecraft:stone_pickaxe":58,"minecraft:oak_planks":6,"minecraft:wooden_pickaxe":6,"minecraft:sand":8,"minecraft:crafting_table":2,"minecraft:blast_furnace":2,"minecraft:spider_eye":1,"minecraft:cake":1,"minecraft:spruce_log":2,"minecraft:bread":10,"minecraft:suspicious_stew":1,"tombstone:grave_key":2,"minecraft:spruce_sapling":5,"minecraft:stone_axe":19,"minecraft:cobblestone":2},"minecraft:picked_up":{"minecraft:crafting_table":1,"minecraft:iron_chestplate":1,"minecraft:chicken":1,"minecraft:flower_pot":5,"minecraft:brown_mushroom":2,"tombstone:grave_key":1,"minecraft:string":52,"minecraft:cobbled_deepslate":22,"minecraft:spruce_planks":10,"comforts:sleeping_bag_white":1,"minecraft:coal_block":2,"minecraft:furnace":1,"minecraft:iron_boots":1,"minecraft:raw_iron":21,"minecraft:stick":4,"minecraft:oak_fence":1,"minecraft:torch":1,"minecraft:bowl":1,"minecraft:porkchop":1,"vampirism:vampire_fang":1,"minecraft:stone_sword":2,"minecraft:arrow":9,"minecraft:rotten_flesh":19,"minecraft:snowball":30,"minecraft:cobblestone":12,"vampirism:vampire_blood_bottle":1,"minecraft:feather":1,"minecraft:tuff":1,"minecraft:gunpowder":3,"minecraft:dirt":21,"minecraft:white_banner":1,"minecraft:cooked_mutton":1,"minecraft:bow":2,"minecraft:cyan_candle":6,"minecraft:oak_planks":8,"minecraft:flowering_azalea":3,"hexerei:animal_fat":1,"minecraft:smooth_basalt":1,"minecraft:dandelion":2,"minecraft:sand":55,"minecraft:red_banner":1,"minecraft:stripped_spruce_log":1,"minecraft:spruce_sapling":9,"minecraft:blast_furnace":2,"minecraft:cyan_bed":3,"minecraft:spruce_log":27,"minecraft:spider_eye":2,"minecraft:iron_helmet":1,"minecraft:granite":3,"minecraft:bread":29,"minecraft:coal":1},"minecraft:broken":{"minecraft:stone_sword":1},"minecraft:killed":{"vampirism:vampire":1,"minecraft:cave_spider":1,"graveyard:skeleton_creeper":1,"minecraft:spider":2,"minecraft:skeleton":6,"minecraft:chicken":1,"vampirism:advanced_hunter":1,"minecraft:drowned":5,"minecraft:husk":1,"minecraft:pig":1,"minecraft:zombie_villager":1,"minecraft:creeper":3,"minecraft:zombie":5,"minecraft:stray":1},"minecraft:dropped":{"minecraft:bread":19,"minecraft:brown_mushroom":1,"minecraft:wheat_seeds":5,"minecraft:cooked_beef":2,"minecraft:torch":8,"tombstone:grave_key":3,"minecraft:snowball":5,"tombstone:grave_dust":1,"minecraft:flowering_azalea":1,"minecraft:spruce_sapling":1,"minecraft:dandelion":2,"minecraft:stone_sword":3,"minecraft:bowl":1,"minecraft:rotten_flesh":25,"minecraft:cooked_mutton":2,"minecraft:shield":1,"minecraft:spruce_planks":4,"minecraft:arrow":4,"minecraft:bow":2,"minecraft:wooden_pickaxe":1},"minecraft:crafted":{"minecraft:coal":18,"minecraft:cooked_mutton":1,"minecraft:stone_pickaxe":1,"minecraft:cooked_beef":5,"minecraft:crafting_table":2,"minecraft:spruce_planks":44,"minecraft:wooden_pickaxe":1,"minecraft:iron_sword":1,"minecraft:stone_axe":1,"minecraft:air":0,"minecraft:shield":3,"minecraft:stick":8,"minecraft:iron_ingot":11,"minecraft:stone_sword":2,"minecraft:iron_leggings":1,"minecraft:torch":16},"minecraft:mined":{"minecraft:potted_pink_tulip":1,"minecraft:white_bed":1,"minecraft:potted_flowering_azalea_bush":2,"minecraft:coal_block":2,"minecraft:spruce_leaves":6,"minecraft:spawner":2,"comforts:sleeping_bag_white":1,"minecraft:furnace":1,"minecraft:iron_ore":6,"minecraft:cobbled_deepslate":4,"minecraft:stripped_spruce_log":1,"minecraft:packed_ice":1,"minecraft:potted_cornflower":1,"minecraft:stone":19,"minecraft:red_banner":1,"minecraft:dandelion":1,"minecraft:soul_lantern":1,"minecraft:crafting_table":1,"minecraft:blast_furnace":2,"minecraft:calcite":2,"minecraft:potted_oxeye_daisy":1,"minecraft:cyan_bed":3,"minecraft:oak_planks":6,"minecraft:ice":2,"minecraft:spruce_log":19,"minecraft:white_wall_banner":1,"minecraft:grass":1,"minecraft:gravel":1,"minecraft:sand":27,"minecraft:cobweb":45,"minecraft:polished_deepslate_wall":1,"minecraft:cyan_candle":2,"minecraft:deepslate":18,"minecraft:fern":1}},"DataVersion":3465}