{"stats":{"minecraft:killed_by":{"vampirism:advanced_vampire":1,"minecraft:player":7,"minecraft:creeper":1},"minecraft:used":{"minecraft:stone_sword":138,"minecraft:stone_pickaxe":46,"minecraft:oak_planks":6,"minecraft:wooden_pickaxe":6,"minecraft:iron_chestplate":1,"minecraft:crafting_table":2,"minecraft:spider_eye":1,"minecraft:tuff":1,"minecraft:snowball":5,"minecraft:spruce_log":2,"minecraft:bread":2,"minecraft:iron_helmet":1,"minecraft:iron_boots":1,"tombstone:grave_key":2,"minecraft:smooth_basalt":1,"minecraft:cobblestone":2,"tombstone:gift":3,"minecraft:cobbled_deepslate":20},"minecraft:custom":{"minecraft:interact_with_furnace":1,"minecraft:mob_kills":13,"minecraft:interact_with_crafting_table":7,"minecraft:open_barrel":1,"minecraft:leave_game":3,"minecraft:time_since_death":1663,"minecraft:time_since_rest":1308,"minecraft:sprint_one_cm":145509,"minecraft:damage_taken":3200,"minecraft:walk_one_cm":98572,"minecraft:drop":14,"minecraft:damage_dealt":3413,"minecraft:swim_one_cm":3273,"minecraft:fly_one_cm":195221,"minecraft:open_chest":4,"minecraft:crouch_one_cm":4327,"minecraft:play_time":41657,"tombstone:undead_killed":6,"minecraft:deaths":12,"minecraft:sneak_time":1586,"minecraft:walk_under_water_one_cm":5295,"minecraft:jump":1171,"minecraft:walk_on_water_one_cm":11304,"minecraft:total_world_time":41657,"minecraft:fall_one_cm":20259},"minecraft:picked_up":{"minecraft:iron_chestplate":1,"minecraft:crafting_table":1,"minecraft:tuff":1,"tombstone:grave_key":1,"minecraft:gunpowder":3,"minecraft:string":52,"minecraft:bow":1,"minecraft:cobbled_deepslate":22,"comforts:sleeping_bag_white":1,"minecraft:spruce_planks":10,"minecraft:oak_planks":8,"minecraft:iron_boots":1,"minecraft:smooth_basalt":1,"minecraft:oak_fence":1,"vampirism:vampire_fang":1,"minecraft:spruce_log":10,"minecraft:spider_eye":2,"minecraft:arrow":2,"minecraft:iron_helmet":1,"minecraft:bread":19,"minecraft:snowball":13,"minecraft:cobblestone":12},"minecraft:broken":{"minecraft:stone_sword":1},"minecraft:killed":{"vampirism:vampire":1,"minecraft:cave_spider":1,"minecraft:zombie_villager":1,"minecraft:spider":1,"minecraft:creeper":3,"minecraft:skeleton":1,"minecraft:zombie":4},"minecraft:dropped":{"minecraft:bread":17,"minecraft:spruce_planks":4,"tombstone:grave_key":3,"tombstone:grave_dust":1,"minecraft:wooden_pickaxe":1},"minecraft:mined":{"minecraft:crafting_table":1,"minecraft:spruce_leaves":1,"minecraft:oak_planks":6,"minecraft:spawner":1,"comforts:sleeping_bag_white":1,"minecraft:iron_ore":6,"minecraft:cobbled_deepslate":4,"minecraft:ice":1,"minecraft:spruce_log":8,"minecraft:gravel":1,"minecraft:cobweb":45,"minecraft:stone":19,"minecraft:deepslate":18},"minecraft:crafted":{"minecraft:crafting_table":2,"minecraft:spruce_planks":32,"minecraft:wooden_pickaxe":1,"minecraft:stick":8,"minecraft:stone_pickaxe":1,"minecraft:stone_sword":2}},"DataVersion":3465}