{"stats":{"minecraft:picked_up":{"minecraft:iron_chestplate":1,"comforts:sleeping_bag_white":1,"minecraft:iron_helmet":1,"tombstone:grave_key":1,"minecraft:snowball":13,"minecraft:iron_boots":1},"minecraft:used":{"minecraft:iron_chestplate":1,"minecraft:iron_helmet":1,"minecraft:iron_boots":1,"tombstone:grave_key":2,"minecraft:snowball":5},"minecraft:dropped":{"tombstone:grave_key":2},"minecraft:killed_by":{"minecraft:player":2},"minecraft:custom":{"minecraft:time_since_rest":1414,"minecraft:sprint_one_cm":11072,"minecraft:play_time":8444,"minecraft:deaths":2,"minecraft:damage_taken":554,"minecraft:walk_one_cm":8197,"minecraft:drop":2,"minecraft:jump":144,"minecraft:damage_dealt":47,"minecraft:leave_game":1,"minecraft:time_since_death":3812,"minecraft:total_world_time":8444,"minecraft:fall_one_cm":1788,"minecraft:fly_one_cm":39170}},"DataVersion":3465}