{"stats":{"minecraft:used":{"minecraft:stone_brick_slab":1,"minecraft:stone_sword":3,"minecraft:oak_stairs":1,"minecraft:bread":7,"minecraft:stone_pickaxe":29,"minecraft:oak_planks":2,"minecraft:wooden_pickaxe":25,"minecraft:stone_bricks":2,"ecologics:walnut_planks":7,"minecraft:stone_axe":2,"minecraft:dirt":13,"minecraft:crafting_table":2,"minecraft:furnace":1,"tombstone:gift":1,"alexsmobs:animal_dictionary":2,"minecraft:iron_leggings":1},"minecraft:picked_up":{"ecologics:walnut_planks":1,"minecraft:crafting_table":1,"ecologics:walnut_log":3,"minecraft:stone_brick_slab":1,"minecraft:oak_stairs":1,"minecraft:dirt":13,"minecraft:arrow":2,"minecraft:stone_bricks":2,"minecraft:wheat_seeds":1,"minecraft:hay_block":8,"swem:alfalfa_seeds":1,"minecraft:coal":21,"minecraft:oak_planks":7,"iceandfire:raw_silver":3,"minecraft:cobblestone":22},"minecraft:broken":{"minecraft:iron_leggings":1},"minecraft:killed":{"minecraft:skeleton":1,"alexsmobs:terrapin":1},"minecraft:mined":{"minecraft:hay_block":9,"iceandfire:silver_ore":3,"minecraft:stone_brick_slab":1,"minecraft:grass":9,"minecraft:coal_ore":21,"minecraft:grass_block":3,"ecologics:walnut_leaves":1,"minecraft:vine":1,"minecraft:dirt":10,"swem:star_worm_cobble":1,"minecraft:tall_grass":1,"ecologics:walnut_planks":1,"ecologics:walnut_log":3,"minecraft:stone_bricks":2,"minecraft:stone":22,"minecraft:oak_planks":7},"minecraft:custom":{"minecraft:time_since_rest":1,"minecraft:waystone_activated":1,"minecraft:sprint_one_cm":38012,"minecraft:damage_taken":2147483647,"minecraft:walk_one_cm":40956,"minecraft:trigger_trapped_chest":1,"minecraft:mob_kills":2,"minecraft:drop":3,"minecraft:damage_dealt":490,"minecraft:swim_one_cm":10490,"minecraft:talked_to_villager":1,"minecraft:interact_with_crafting_table":7,"minecraft:fly_one_cm":124122,"minecraft:crouch_one_cm":4428,"minecraft:play_time":19250,"tombstone:undead_killed":1,"minecraft:deaths":3,"minecraft:sneak_time":2107,"minecraft:walk_under_water_one_cm":3205,"minecraft:damage_dealt_resisted":10,"minecraft:jump":513,"minecraft:time_since_death":417,"minecraft:walk_on_water_one_cm":5206,"minecraft:total_world_time":19250,"minecraft:fall_one_cm":11026},"minecraft:killed_by":{"iceandfire:gorgon":1,"minecraft:skeleton":1,"rakerm:rake":1},"minecraft:crafted":{"minecraft:crafting_table":1,"minecraft:stick":8,"minecraft:wooden_pickaxe":1,"ecologics:walnut_planks":12,"minecraft:stone_pickaxe":1,"minecraft:stone_sword":1,"minecraft:furnace":1,"minecraft:stone_axe":1,"minecraft:bread":24,"minecraft:wheat":72},"minecraft:dropped":{"minecraft:wheat_seeds":1,"swem:alfalfa_seeds":1,"minecraft:wooden_pickaxe":1}},"DataVersion":3465}