{"stats":{"minecraft:crafted":{"minecraft:oak_planks":124,"minecraft:stone_axe":1,"minecraft:crafting_table":1,"minecraft:stone_pickaxe":1,"minecraft:wooden_pickaxe":1},"minecraft:custom":{"minecraft:time_since_rest":4777,"minecraft:crouch_one_cm":5807,"minecraft:play_time":4777,"minecraft:sprint_one_cm":9333,"minecraft:walk_one_cm":7734,"minecraft:sneak_time":1268,"minecraft:jump":104,"minecraft:damage_dealt":50,"minecraft:time_since_death":4777,"minecraft:total_world_time":4777,"minecraft:interact_with_crafting_table":3,"minecraft:fall_one_cm":1672,"minecraft:fly_one_cm":24234},"minecraft:mined":{"minecraft:grass":1,"minecraft:grass_block":1,"minecraft:oak_log":42,"minecraft:birch_log":6,"minecraft:stone":42},"minecraft:used":{"minecraft:apple":1,"minecraft:crafting_table":1,"minecraft:wooden_pickaxe":42},"minecraft:picked_up":{"minecraft:birch_log":6,"minecraft:stick":25,"minecraft:apple":1,"swem:alfalfa_seeds":1,"minecraft:oak_log":39,"minecraft:oak_sapling":24,"minecraft:birch_sapling":6,"minecraft:dirt":1,"minecraft:cobblestone":42}},"DataVersion":3465}