{"stats":{"minecraft:custom":{"minecraft:jump":53,"minecraft:time_since_rest":2404,"minecraft:leave_game":1,"minecraft:crouch_one_cm":1004,"minecraft:sprint_one_cm":5055,"minecraft:play_time":2404,"minecraft:time_since_death":2404,"minecraft:walk_one_cm":1994,"minecraft:sneak_time":390,"minecraft:total_world_time":2404,"minecraft:fall_one_cm":836,"minecraft:fly_one_cm":15537},"minecraft:mined":{"minecraft:oak_log":8,"minecraft:dark_oak_log":2,"minecraft:oak_leaves":3},"minecraft:picked_up":{"minecraft:oak_log":8,"minecraft:dark_oak_log":2}},"DataVersion":3465}