{"stats":{"minecraft:picked_up":{"minecraft:bamboo":11,"minecraft:jungle_log":1,"minecraft:wheat_seeds":2},"minecraft:custom":{"minecraft:jump":62,"minecraft:leave_game":1,"minecraft:time_since_rest":3305,"minecraft:crouch_one_cm":269,"minecraft:sprint_one_cm":7103,"minecraft:play_time":3305,"minecraft:damage_taken":60,"minecraft:time_since_death":3305,"minecraft:walk_one_cm":1204,"minecraft:sneak_time":121,"minecraft:climb_one_cm":668,"minecraft:total_world_time":3305,"minecraft:fall_one_cm":3403,"minecraft:fly_one_cm":10962},"minecraft:used":{"minecraft:bamboo":11,"minecraft:jungle_log":1},"minecraft:mined":{"minecraft:grass":9,"minecraft:bamboo":1,"minecraft:jungle_leaves":2,"minecraft:jungle_log":1,"minecraft:fern":6}},"DataVersion":3465}