{"stats":{"minecraft:crafted":{"minecraft:crafting_table":1,"minecraft:wooden_pickaxe":1,"ecologics:walnut_planks":16},"minecraft:custom":{"minecraft:time_since_rest":7612,"minecraft:play_time":7612,"minecraft:sprint_one_cm":18634,"minecraft:walk_one_cm":6189,"minecraft:sneak_time":1,"minecraft:jump":175,"minecraft:time_since_death":7612,"minecraft:total_world_time":7612,"minecraft:fly_one_cm":54446,"minecraft:interact_with_crafting_table":2,"minecraft:fall_one_cm":6353},"minecraft:used":{"minecraft:crafting_table":1,"minecraft:wooden_pickaxe":10},"minecraft:picked_up":{"swem:timothy_seeds":1,"minecraft:stick":3,"ecologics:walnut":6,"ecologics:walnut_log":4,"ecologics:walnut_sapling":5,"minecraft:wheat_seeds":1,"swem:alfalfa_seeds":1,"swem:oat_seeds":1,"minecraft:dirt":7,"minecraft:cobblestone":10},"minecraft:mined":{"minecraft:grass":10,"minecraft:grass_block":3,"ecologics:walnut_leaves":1,"minecraft:dirt_path":1,"minecraft:dirt":3,"minecraft:tall_grass":5,"ecologics:walnut_log":4,"minecraft:stone":10}},"DataVersion":3465}