{"stats":{"minecraft:crafted":{"minecraft:oak_planks":156,"minecraft:crafting_table":1,"minecraft:wooden_pickaxe":1,"minecraft:stone_pickaxe":1,"minecraft:oak_button":1,"minecraft:stone_axe":1},"minecraft:killed":{"minecraft:zombie":1},"minecraft:custom":{"minecraft:time_since_rest":21577,"minecraft:sprint_one_cm":39531,"minecraft:damage_taken":255,"minecraft:walk_one_cm":44374,"minecraft:mob_kills":1,"minecraft:damage_dealt":249,"minecraft:swim_one_cm":8069,"minecraft:interact_with_crafting_table":3,"minecraft:fly_one_cm":78725,"minecraft:crouch_one_cm":22394,"minecraft:play_time":21577,"tombstone:undead_killed":1,"minecraft:sneak_time":4983,"minecraft:walk_under_water_one_cm":700,"minecraft:jump":449,"minecraft:leave_game":1,"minecraft:walk_on_water_one_cm":1927,"minecraft:time_since_death":21577,"minecraft:total_world_time":21577,"minecraft:fall_one_cm":12580},"minecraft:mined":{"minecraft:birch_log":6,"minecraft:iron_ore":4,"minecraft:grass":2,"minecraft:oak_log":95,"minecraft:grass_block":2,"minecraft:coal_ore":33,"minecraft:gravel":9,"minecraft:dirt":1,"minecraft:oak_button":3,"minecraft:stone":103,"minecraft:oak_planks":4,"minecraft:oak_leaves":2},"minecraft:used":{"minecraft:oak_log":56,"minecraft:apple":7,"minecraft:carrot_on_a_stick":4,"minecraft:stone_pickaxe":101,"minecraft:oak_button":3,"minecraft:oak_planks":140,"minecraft:wooden_pickaxe":42,"minecraft:stone_axe":12,"minecraft:golden_carrot":2,"minecraft:dirt":3,"minecraft:cobblestone":6,"minecraft:crafting_table":1,"minecraft:birch_log":1},"minecraft:picked_up":{"minecraft:birch_log":6,"swem:timothy_seeds":1,"minecraft:stick":53,"minecraft:raw_iron":4,"minecraft:gravel":10,"minecraft:flint":1,"minecraft:oak_log":95,"minecraft:dirt":3,"minecraft:apple":7,"swem:alfalfa_seeds":2,"minecraft:oak_button":3,"minecraft:oak_sapling":59,"minecraft:birch_sapling":6,"minecraft:oak_planks":4,"minecraft:coal":33,"minecraft:cobblestone":103}},"DataVersion":3465}