{"stats":{"minecraft:killed":{"minecraft:pig":1,"minecraft:cow":1},"minecraft:crafted":{"minecraft:oak_planks":108,"minecraft:charcoal":2,"minecraft:cooked_porkchop":3,"minecraft:stick":40,"minecraft:wooden_pickaxe":1,"minecraft:stone_pickaxe":3},"minecraft:mined":{"minecraft:carrots":5,"minecraft:wheat":2,"minecraft:yellow_bed":1,"minecraft:cornflower":1,"minecraft:grass":15,"minecraft:potatoes":2,"minecraft:oak_log":27,"minecraft:beetroots":5,"minecraft:gravel":9,"minecraft:stone":12,"minecraft:oak_planks":1,"minecraft:tripwire":1},"minecraft:custom":{"minecraft:time_since_rest":31053,"minecraft:interact_with_furnace":4,"minecraft:sprint_one_cm":150708,"minecraft:damage_taken":218,"minecraft:walk_one_cm":100288,"minecraft:mob_kills":2,"minecraft:damage_dealt":234,"minecraft:swim_one_cm":1297,"minecraft:talked_to_villager":2,"minecraft:interact_with_crafting_table":4,"minecraft:interact_with_cartography_table":1,"minecraft:fly_one_cm":21106,"minecraft:open_chest":3,"minecraft:crouch_one_cm":3467,"minecraft:play_time":40335,"minecraft:sneak_time":639,"minecraft:walk_under_water_one_cm":26252,"minecraft:jump":228,"minecraft:interact_with_stonecutter":1,"minecraft:walk_on_water_one_cm":3377,"minecraft:time_since_death":40335,"minecraft:total_world_time":40335,"minecraft:sleep_in_bed":1,"minecraft:climb_one_cm":1996,"minecraft:fall_one_cm":2673},"minecraft:picked_up":{"minecraft:stick":12,"swem:timothy_seeds":4,"minecraft:leather":1,"minecraft:flint":2,"minecraft:gravel":7,"minecraft:potato":2,"minecraft:porkchop":3,"minecraft:potion":1,"minecraft:oak_log":27,"minecraft:yellow_bed":1,"minecraft:carrot":11,"minecraft:cornflower":1,"minecraft:string":3,"minecraft:bone":1,"minecraft:arrow":1,"minecraft:beetroot":4,"minecraft:beetroot_seeds":11,"minecraft:wheat_seeds":5,"minecraft:beef":2,"swem:alfalfa_seeds":1,"minecraft:oak_sapling":23,"swem:oat_seeds":1,"minecraft:oak_planks":1,"minecraft:cobblestone":12,"minecraft:egg":1},"minecraft:used":{"minecraft:wheat_seeds":5,"minecraft:string":2,"minecraft:glass_bottle":21,"minecraft:bread":4,"minecraft:wooden_pickaxe":39,"minecraft:potion":21,"swem:timothy_seeds":4,"minecraft:cooked_porkchop":1,"minecraft:carrot":10,"alexsmobs:animal_dictionary":5,"minecraft:egg":1,"minecraft:air":5}},"DataVersion":3465}