{"stats":{"minecraft:killed":{"minecraft:pig":1},"minecraft:crafted":{"minecraft:oak_planks":108,"minecraft:charcoal":2,"minecraft:cooked_porkchop":3},"minecraft:mined":{"minecraft:yellow_bed":1,"minecraft:cornflower":1,"minecraft:grass":13,"minecraft:oak_log":27,"minecraft:beetroots":2,"minecraft:oak_planks":1,"minecraft:tripwire":1},"minecraft:custom":{"minecraft:time_since_rest":7053,"minecraft:interact_with_furnace":4,"minecraft:sprint_one_cm":81580,"minecraft:damage_taken":178,"minecraft:walk_one_cm":60450,"minecraft:mob_kills":1,"minecraft:damage_dealt":144,"minecraft:swim_one_cm":1297,"minecraft:talked_to_villager":1,"minecraft:interact_with_crafting_table":2,"minecraft:interact_with_cartography_table":1,"minecraft:fly_one_cm":11763,"minecraft:open_chest":3,"minecraft:crouch_one_cm":2675,"minecraft:play_time":16335,"minecraft:sneak_time":448,"minecraft:walk_under_water_one_cm":797,"minecraft:jump":147,"minecraft:interact_with_stonecutter":1,"minecraft:walk_on_water_one_cm":344,"minecraft:time_since_death":16335,"minecraft:total_world_time":16335,"minecraft:sleep_in_bed":1,"minecraft:climb_one_cm":1996,"minecraft:fall_one_cm":1558},"minecraft:picked_up":{"minecraft:stick":12,"swem:timothy_seeds":4,"minecraft:porkchop":3,"minecraft:potion":1,"minecraft:oak_log":27,"minecraft:yellow_bed":1,"minecraft:cornflower":1,"minecraft:string":3,"minecraft:bone":1,"minecraft:arrow":1,"minecraft:beetroot":2,"minecraft:beetroot_seeds":6,"minecraft:wheat_seeds":3,"minecraft:oak_sapling":23,"swem:oat_seeds":1,"minecraft:oak_planks":1,"minecraft:egg":1},"minecraft:used":{"minecraft:string":2,"minecraft:glass_bottle":5,"minecraft:bread":2,"minecraft:potion":5,"swem:timothy_seeds":1,"alexsmobs:animal_dictionary":5,"minecraft:egg":1,"minecraft:air":1}},"DataVersion":3465}