{"stats":{"minecraft:killed":{"alexsmobs:hummingbird":1,"minecraft:pig":1,"minecraft:chicken":4,"minecraft:cow":1},"minecraft:crafted":{"minecraft:oak_planks":108,"minecraft:cooked_porkchop":3,"minecraft:crafting_table":1,"minecraft:wooden_pickaxe":1,"minecraft:furnace":1,"minecraft:charcoal":2,"minecraft:stick":40,"minecraft:stone_pickaxe":3},"minecraft:broken":{"minecraft:wooden_pickaxe":1},"minecraft:mined":{"minecraft:dandelion":6,"minecraft:cornflower":1,"minecraft:chest":2,"minecraft:tall_grass":11,"minecraft:copper_ore":8,"minecraft:cobblestone":1,"minecraft:oak_planks":1,"minecraft:carrots":5,"minecraft:wheat":2,"minecraft:fletching_table":1,"minecraft:yellow_bed":1,"minecraft:grass":68,"minecraft:potatoes":2,"minecraft:oak_log":27,"minecraft:beetroots":5,"minecraft:gravel":13,"minecraft:dirt":1,"minecraft:stone":18,"minecraft:tripwire":1},"minecraft:custom":{"minecraft:interact_with_furnace":4,"minecraft:mob_kills":7,"minecraft:interact_with_cartography_table":1,"minecraft:interact_with_crafting_table":6,"minecraft:interact_with_stonecutter":1,"minecraft:time_since_death":52335,"minecraft:sleep_in_bed":1,"minecraft:climb_one_cm":1996,"minecraft:time_since_rest":43053,"minecraft:sprint_one_cm":192326,"minecraft:damage_taken":393,"minecraft:walk_one_cm":184710,"minecraft:damage_dealt":574,"minecraft:swim_one_cm":1297,"minecraft:talked_to_villager":3,"minecraft:fly_one_cm":27346,"minecraft:open_chest":6,"minecraft:crouch_one_cm":4282,"minecraft:play_time":52335,"minecraft:sneak_time":748,"minecraft:walk_under_water_one_cm":26252,"minecraft:jump":313,"minecraft:walk_on_water_one_cm":3377,"minecraft:total_world_time":52335,"minecraft:fall_one_cm":2940},"minecraft:picked_up":{"swem:timothy_seeds":12,"minecraft:feather":5,"minecraft:chicken":4,"minecraft:leather":1,"minecraft:potato":2,"minecraft:potion":1,"minecraft:flint":2,"minecraft:oak_log":27,"minecraft:yellow_bed":1,"minecraft:cornflower":1,"minecraft:string":3,"minecraft:dirt":1,"minecraft:raw_copper":28,"minecraft:bone":1,"minecraft:beetroot":4,"minecraft:wheat_seeds":14,"minecraft:beef":2,"minecraft:fletching_table":1,"swem:oat_seeds":3,"minecraft:chest":2,"minecraft:oak_planks":1,"minecraft:egg":1,"minecraft:stick":12,"minecraft:dandelion":5,"minecraft:gravel":11,"minecraft:porkchop":3,"minecraft:carrot":11,"minecraft:arrow":1,"minecraft:beetroot_seeds":11,"swem:alfalfa_seeds":5,"minecraft:oak_sapling":23,"minecraft:cobblestone":19},"minecraft:used":{"minecraft:wheat_seeds":5,"minecraft:glass_bottle":30,"minecraft:stone_pickaxe":130,"minecraft:chest":2,"minecraft:wooden_pickaxe":46,"minecraft:crafting_table":1,"swem:timothy_seeds":4,"minecraft:carrot":10,"minecraft:bread":7,"minecraft:string":2,"minecraft:gravel":11,"minecraft:potion":30,"minecraft:furnace":1,"minecraft:cooked_porkchop":1,"minecraft:yellow_bed":1,"alexsmobs:animal_dictionary":5,"minecraft:egg":1,"minecraft:air":7}},"DataVersion":3465}