{"stats":{"minecraft:killed":{"minecraft:pig":1},"minecraft:mined":{"minecraft:grass":9,"minecraft:oak_log":1,"minecraft:oak_planks":1},"minecraft:custom":{"minecraft:time_since_rest":4335,"minecraft:crouch_one_cm":1568,"minecraft:play_time":4335,"minecraft:sprint_one_cm":12941,"minecraft:damage_taken":113,"minecraft:walk_one_cm":21957,"minecraft:sneak_time":306,"minecraft:walk_under_water_one_cm":311,"minecraft:mob_kills":1,"minecraft:jump":53,"minecraft:damage_dealt":118,"minecraft:time_since_death":4335,"minecraft:walk_on_water_one_cm":156,"minecraft:total_world_time":4335,"minecraft:interact_with_crafting_table":1,"minecraft:fall_one_cm":813,"minecraft:fly_one_cm":2548},"minecraft:picked_up":{"swem:timothy_seeds":3,"minecraft:wheat_seeds":3,"minecraft:porkchop":3,"minecraft:oak_log":1,"minecraft:oak_planks":1},"minecraft:used":{"alexsmobs:animal_dictionary":3}},"DataVersion":3465}