{"stats":{"minecraft:killed":{"alexsmobs:hummingbird":1,"minecraft:pig":1,"minecraft:spider":1,"minecraft:chicken":4,"minecraft:cow":2},"minecraft:crafted":{"minecraft:oak_planks":108,"minecraft:cooked_porkchop":3,"minecraft:crafting_table":1,"minecraft:wooden_pickaxe":1,"minecraft:furnace":1,"minecraft:charcoal":2,"minecraft:stick":40,"minecraft:stone_pickaxe":3},"minecraft:broken":{"minecraft:stone_pickaxe":1,"minecraft:wooden_pickaxe":1},"minecraft:mined":{"minecraft:dandelion":7,"minecraft:cornflower":1,"minecraft:grass_block":1,"minecraft:chest":2,"minecraft:tall_grass":23,"minecraft:copper_ore":8,"minecraft:cobblestone":1,"minecraft:oak_planks":1,"minecraft:carrots":8,"minecraft:wheat":7,"minecraft:fletching_table":1,"minecraft:yellow_bed":1,"minecraft:grass":86,"minecraft:coal_ore":23,"minecraft:potatoes":2,"minecraft:oak_log":27,"minecraft:beetroots":5,"minecraft:gravel":13,"minecraft:dirt":4,"minecraft:stone":23,"minecraft:tripwire":1},"minecraft:custom":{"minecraft:interact_with_furnace":6,"minecraft:mob_kills":10,"minecraft:interact_with_cartography_table":1,"minecraft:interact_with_crafting_table":6,"minecraft:interact_with_stonecutter":1,"minecraft:time_since_death":11804,"minecraft:sleep_in_bed":3,"minecraft:climb_one_cm":1996,"minecraft:time_since_rest":7612,"minecraft:sprint_one_cm":252934,"minecraft:damage_taken":768,"minecraft:walk_one_cm":228463,"minecraft:damage_dealt":973,"minecraft:swim_one_cm":1297,"minecraft:talked_to_villager":3,"minecraft:fly_one_cm":36641,"minecraft:open_chest":6,"minecraft:crouch_one_cm":4782,"minecraft:play_time":64335,"minecraft:deaths":1,"minecraft:sneak_time":823,"minecraft:walk_under_water_one_cm":26252,"minecraft:jump":397,"minecraft:walk_on_water_one_cm":3438,"minecraft:total_world_time":64335,"minecraft:fall_one_cm":4105},"minecraft:killed_by":{"minecraft:skeleton":1},"minecraft:picked_up":{"swem:timothy_seeds":16,"minecraft:feather":5,"minecraft:chicken":4,"minecraft:leather":3,"minecraft:potato":2,"minecraft:potion":1,"minecraft:flint":2,"minecraft:oak_log":27,"minecraft:yellow_bed":1,"minecraft:cornflower":1,"minecraft:string":4,"minecraft:dirt":15,"minecraft:raw_copper":28,"minecraft:bone":3,"minecraft:beetroot":4,"minecraft:wheat_seeds":20,"minecraft:beef":3,"minecraft:fletching_table":1,"swem:oat_seeds":7,"minecraft:chest":2,"minecraft:oak_planks":1,"minecraft:egg":1,"minecraft:stick":12,"minecraft:dandelion":6,"minecraft:gravel":11,"minecraft:porkchop":3,"minecraft:carrot":22,"minecraft:arrow":2,"minecraft:beetroot_seeds":11,"swem:alfalfa_seeds":8,"minecraft:oak_sapling":23,"minecraft:coal":23,"minecraft:cobblestone":24},"minecraft:used":{"minecraft:wheat_seeds":5,"minecraft:glass_bottle":36,"minecraft:stone_pickaxe":196,"minecraft:chest":2,"minecraft:wooden_pickaxe":46,"minecraft:crafting_table":1,"swem:timothy_seeds":4,"minecraft:carrot":16,"minecraft:bread":7,"minecraft:string":2,"minecraft:gravel":11,"minecraft:potion":37,"minecraft:furnace":1,"minecraft:cooked_porkchop":1,"minecraft:yellow_bed":1,"alexsmobs:animal_dictionary":7,"minecraft:egg":1,"minecraft:air":9}},"DataVersion":3465}