{"stats":{"minecraft:killed":{"minecraft:pig":1},"minecraft:crafted":{"minecraft:oak_planks":108,"minecraft:charcoal":2,"minecraft:cooked_porkchop":3,"minecraft:stick":40,"minecraft:wooden_pickaxe":1},"minecraft:mined":{"minecraft:wheat":1,"minecraft:yellow_bed":1,"minecraft:cornflower":1,"minecraft:grass":15,"minecraft:oak_log":27,"minecraft:beetroots":3,"minecraft:oak_planks":1,"minecraft:tripwire":1},"minecraft:custom":{"minecraft:time_since_rest":19053,"minecraft:interact_with_furnace":4,"minecraft:sprint_one_cm":108726,"minecraft:damage_taken":218,"minecraft:walk_one_cm":84432,"minecraft:mob_kills":1,"minecraft:damage_dealt":144,"minecraft:swim_one_cm":1297,"minecraft:talked_to_villager":1,"minecraft:interact_with_crafting_table":3,"minecraft:interact_with_cartography_table":1,"minecraft:fly_one_cm":15447,"minecraft:open_chest":3,"minecraft:crouch_one_cm":3329,"minecraft:play_time":28335,"minecraft:sneak_time":626,"minecraft:walk_under_water_one_cm":26252,"minecraft:jump":194,"minecraft:interact_with_stonecutter":1,"minecraft:walk_on_water_one_cm":3377,"minecraft:time_since_death":28335,"minecraft:total_world_time":28335,"minecraft:sleep_in_bed":1,"minecraft:climb_one_cm":1996,"minecraft:fall_one_cm":2462},"minecraft:picked_up":{"minecraft:stick":12,"swem:timothy_seeds":4,"minecraft:porkchop":3,"minecraft:potion":1,"minecraft:oak_log":27,"minecraft:yellow_bed":1,"minecraft:cornflower":1,"minecraft:string":3,"minecraft:bone":1,"minecraft:arrow":1,"minecraft:beetroot":3,"minecraft:beetroot_seeds":8,"minecraft:wheat_seeds":4,"swem:alfalfa_seeds":1,"minecraft:oak_sapling":23,"swem:oat_seeds":1,"minecraft:oak_planks":1,"minecraft:egg":1},"minecraft:used":{"minecraft:wheat_seeds":2,"minecraft:string":2,"minecraft:glass_bottle":8,"minecraft:bread":2,"minecraft:wooden_pickaxe":2,"minecraft:potion":8,"swem:timothy_seeds":1,"minecraft:cooked_porkchop":1,"alexsmobs:animal_dictionary":5,"minecraft:egg":1,"minecraft:air":1}},"DataVersion":3465}