{"stats":{"minecraft:picked_up":{"minecraft:crafting_table":1,"minecraft:oak_stairs":8,"minecraft:oak_log":41,"minecraft:yellow_bed":3,"minecraft:cobblestone_wall":2,"minecraft:cobblestone_stairs":1,"minecraft:dirt":10,"minecraft:apple":1,"minecraft:wheat_seeds":1,"minecraft:stripped_oak_wood":1,"minecraft:moss_block":2,"minecraft:oak_planks":2,"minecraft:oak_slab":10,"minecraft:stick":8,"minecraft:raw_iron":3,"minecraft:oak_door":1,"minecraft:oak_fence":9,"minecraft:torch":7,"minecraft:dandelion":1,"minecraft:mossy_cobblestone":3,"minecraft:leather_helmet":1,"hexerei:sage_seed":3,"minecraft:hay_block":50,"minecraft:oak_sapling":20,"minecraft:coal":2,"minecraft:cobblestone":26},"minecraft:crafted":{"minecraft:oak_door":3,"minecraft:oak_planks":24,"minecraft:crafting_table":1,"minecraft:wooden_pickaxe":1,"minecraft:stone_axe":1,"minecraft:bread":147,"minecraft:stick":4,"minecraft:stone_pickaxe":1,"minecraft:wheat":441},"minecraft:custom":{"minecraft:interact_with_crafting_table":4,"vampirism:interact_with_research_table":1,"minecraft:time_since_death":29645,"minecraft:sleep_in_bed":2,"minecraft:climb_one_cm":2593,"minecraft:time_since_rest":6159,"minecraft:sprint_one_cm":112503,"minecraft:damage_taken":523,"minecraft:walk_one_cm":46561,"vampirism:interact_with_totem":4,"minecraft:damage_dealt":10,"minecraft:swim_one_cm":2912,"minecraft:talked_to_villager":1,"minecraft:fly_one_cm":222266,"minecraft:open_chest":10,"minecraft:crouch_one_cm":11833,"minecraft:play_time":29645,"minecraft:sneak_time":2839,"minecraft:walk_under_water_one_cm":55,"minecraft:jump":945,"minecraft:walk_on_water_one_cm":974,"minecraft:total_world_time":29645,"minecraft:fall_one_cm":35610},"minecraft:mined":{"minecraft:oak_slab":10,"minecraft:mossy_cobblestone":3,"minecraft:oak_door":1,"hexerei:witch_hazel_leaves":3,"minecraft:cobblestone_stairs":1,"minecraft:dandelion":1,"minecraft:oak_fence":9,"minecraft:crafting_table":1,"minecraft:torch":1,"minecraft:grass_block":7,"minecraft:cobblestone":14,"minecraft:moss_block":2,"minecraft:oak_planks":2,"minecraft:wall_torch":1,"minecraft:hay_block":50,"unearthed_journey:black_walnut_leaves":1,"minecraft:cobblestone_wall":2,"minecraft:iron_ore":1,"minecraft:stripped_oak_wood":1,"minecraft:yellow_bed":3,"minecraft:grass":24,"minecraft:oak_log":41,"minecraft:coal_ore":1,"minecraft:flowering_azalea_leaves":1,"minecraft:oak_stairs":8,"minecraft:dirt":3,"minecraft:stone":12,"minecraft:oak_leaves":2},"minecraft:used":{"minecraft:stone_pickaxe":22,"minecraft:oak_planks":2,"minecraft:wooden_pickaxe":12,"minecraft:leather_chestplate":1,"vampirism:hunter_axe_enhanced":1,"minecraft:oak_door":2,"minecraft:mossy_cobblestone":2,"minecraft:spyglass":38,"minecraft:oak_slab":6,"minecraft:crafting_table":1,"minecraft:oak_log":10,"minecraft:bread":17,"minecraft:leather_helmet":1,"minecraft:stone_axe":44,"minecraft:cobblestone":9,"minecraft:hay_block":1,"minecraft:yellow_bed":2,"minecraft:dandelion":1}},"DataVersion":3465}