{"stats":{"minecraft:picked_up":{"minecraft:iron_chestplate":3,"minecraft:crafting_table":5,"minecraft:wheat":1,"minecraft:feather":4,"minecraft:chicken":4,"minecraft:salmon":4,"minecraft:leather":2,"minecraft:oak_log":3,"minecraft:dirt":20,"minecraft:iron_leggings":2,"minecraft:armor_stand":1,"minecraft:bone":1,"minecraft:bow":1,"minecraft:wheat_seeds":5,"comforts:sleeping_bag_white":1,"minecraft:beef":3,"minecraft:oak_boat":2,"minecraft:iron_boots":3,"minecraft:furnace":1,"hexerei:animal_fat":1,"minecraft:stick":4,"minecraft:oak_fence":1,"minecraft:acacia_log":9,"minecraft:porkchop":3,"sophisticatedbackpacks:iron_backpack":1,"minecraft:spruce_log":2,"minecraft:white_bed":2,"hexerei:sage_seed":1,"minecraft:arrow":2,"minecraft:iron_helmet":3,"minecraft:hay_block":11,"unearthed_journey:black_walnut_log":8,"minecraft:oak_sapling":2,"minecraft:mutton":4,"minecraft:white_wool":3,"minecraft:cobblestone":41},"minecraft:used":{"minecraft:cooked_mutton":4,"unearthed_journey:black_walnut_door":1,"minecraft:stone_sword":49,"minecraft:stone_pickaxe":30,"minecraft:wooden_pickaxe":13,"minecraft:cooked_salmon":2,"minecraft:cooked_chicken":4,"minecraft:dirt":5,"minecraft:crafting_table":5,"minecraft:white_bed":3,"minecraft:bread":5,"unearthed_journey:black_walnut_log":2,"minecraft:stone_axe":36,"minecraft:furnace":1,"minecraft:oak_boat":2},"minecraft:crafted":{"unearthed_journey:black_walnut_planks":24,"minecraft:oak_planks":12,"minecraft:crafting_table":2,"minecraft:wooden_pickaxe":1,"minecraft:cooked_chicken":4,"minecraft:furnace":1,"minecraft:cooked_salmon":2,"minecraft:stone_axe":1,"minecraft:bread":33,"minecraft:cooked_mutton":4,"minecraft:air":0,"minecraft:oak_boat":1,"unearthed_journey:black_walnut_door":3,"minecraft:charcoal":5,"minecraft:stick":8,"minecraft:stone_pickaxe":1,"minecraft:stone_sword":1,"minecraft:white_bed":1,"minecraft:acacia_planks":12,"minecraft:wheat":99},"minecraft:dropped":{"hexerei:sage_seed":1,"minecraft:wheat_seeds":2,"minecraft:feather":4,"minecraft:leather":2,"minecraft:oak_sapling":2,"minecraft:armor_stand":1},"minecraft:killed":{"minecraft:pig":1,"minecraft:salmon":4,"minecraft:sheep":3,"minecraft:skeleton":2,"minecraft:zombie":1,"minecraft:chicken":4,"minecraft:cow":1},"minecraft:custom":{"minecraft:interact_with_furnace":18,"minecraft:mob_kills":16,"minecraft:interact_with_crafting_table":15,"minecraft:time_since_death":65567,"minecraft:sleep_in_bed":2,"minecraft:climb_one_cm":267,"minecraft:time_since_rest":28589,"minecraft:sprint_one_cm":120870,"minecraft:damage_taken":460,"minecraft:walk_one_cm":49436,"minecraft:drop":6,"vampirism:interact_with_totem":3,"minecraft:damage_dealt":1541,"minecraft:swim_one_cm":13499,"minecraft:fly_one_cm":321792,"minecraft:open_chest":5,"minecraft:crouch_one_cm":6561,"minecraft:play_time":65567,"tombstone:undead_killed":3,"minecraft:sneak_time":2396,"minecraft:walk_under_water_one_cm":10717,"minecraft:boat_one_cm":210213,"minecraft:jump":1356,"minecraft:walk_on_water_one_cm":7613,"minecraft:total_world_time":65567,"minecraft:fall_one_cm":47492},"minecraft:mined":{"minecraft:acacia_leaves":3,"minecraft:white_bed":2,"minecraft:crafting_table":5,"minecraft:acacia_log":9,"minecraft:grass_block":8,"unearthed_journey:black_walnut_log":8,"minecraft:tall_grass":4,"minecraft:spruce_leaves":3,"minecraft:large_fern":1,"minecraft:hay_block":11,"minecraft:tall_seagrass":1,"minecraft:furnace":1,"minecraft:spruce_log":1,"minecraft:birch_leaves":1,"minecraft:grass":34,"minecraft:oak_log":3,"minecraft:dirt":12,"minecraft:stone":41,"minecraft:oak_leaves":1,"hexerei:willow_leaves":3}},"DataVersion":3465}