{"stats":{"minecraft:killed":{"minecraft:skeleton":1,"minecraft:pig":3,"raxiores:yangchuanosaurus":1},"minecraft:picked_up":{"hexerei:animal_fat":2,"minecraft:birch_log":33,"minecraft:crafting_table":3,"minecraft:pink_petals":4,"minecraft:stick":20,"minecraft:dandelion":1,"minecraft:porkchop":6,"minecraft:oak_log":23,"minecraft:dirt":10,"hexerei:sage_seed":2,"minecraft:arrow":2,"minecraft:apple":10,"minecraft:wheat_seeds":3,"minecraft:hay_block":12,"tombstone:magic_scroll":1,"minecraft:oak_sapling":10,"minecraft:melon_seeds":1,"minecraft:birch_sapling":15,"minecraft:cobblestone":9},"minecraft:dropped":{"minecraft:apple":7},"minecraft:used":{"minecraft:apple":10,"minecraft:stone_sword":22,"minecraft:birch_planks":4,"minecraft:stone_pickaxe":4,"minecraft:bread":11,"minecraft:wooden_pickaxe":6,"minecraft:stone_bricks":1,"raxiores:yangchuanosaurus_spawn_egg":1,"minecraft:dirt":7,"raxiores:giganotosaurus_spawn_egg":1,"minecraft:stone_axe":21,"minecraft:cobblestone":1,"minecraft:crafting_table":3,"minecraft:porkchop":5,"minecraft:oak_log":1},"minecraft:crafted":{"minecraft:crafting_table":1,"minecraft:stick":4,"minecraft:wooden_pickaxe":1,"minecraft:stone_pickaxe":1,"minecraft:stone_sword":1,"minecraft:birch_planks":132,"minecraft:stone_axe":1,"minecraft:bread":3,"minecraft:wheat":9},"minecraft:killed_by":{"raxiores:giganotosaurus":1,"minecraft:skeleton":1},"minecraft:mined":{"minecraft:pink_petals":1,"minecraft:seagrass":2,"minecraft:birch_log":33,"minecraft:dandelion":1,"minecraft:crafting_table":3,"minecraft:grass":21,"minecraft:grass_block":14,"minecraft:oak_log":23,"minecraft:dirt_path":1,"minecraft:dirt":1,"minecraft:stone":9,"minecraft:oak_leaves":8,"minecraft:hay_block":12},"minecraft:custom":{"minecraft:sprint_one_cm":144954,"minecraft:damage_taken":1165,"minecraft:walk_one_cm":65867,"minecraft:mob_kills":5,"minecraft:drop":1,"minecraft:damage_dealt":1812,"minecraft:interact_with_crafting_table":6,"minecraft:swim_one_cm":13250,"minecraft:fly_one_cm":347860,"minecraft:open_chest":8,"minecraft:bell_ring":1,"minecraft:crouch_one_cm":4248,"minecraft:play_time":36771,"minecraft:sneak_time":1097,"tombstone:undead_killed":1,"minecraft:deaths":2,"minecraft:walk_under_water_one_cm":2291,"minecraft:jump":1411,"minecraft:leave_game":5,"minecraft:time_since_death":470,"minecraft:walk_on_water_one_cm":5451,"minecraft:sleep_in_bed":2,"minecraft:total_world_time":36771,"vampirism:interact_with_injection_chair":7,"minecraft:fall_one_cm":45954,"minecraft:time_since_rest":1}},"DataVersion":3465}