{"stats":{"minecraft:crafted":{"minecraft:crafting_table":1,"minecraft:stick":4,"minecraft:wooden_pickaxe":1,"minecraft:stone_pickaxe":1,"minecraft:birch_planks":40,"minecraft:stone_axe":1},"minecraft:killed":{"minecraft:skeleton":1,"minecraft:pig":3},"minecraft:picked_up":{"minecraft:birch_log":33,"hexerei:animal_fat":2,"minecraft:stick":20,"minecraft:crafting_table":2,"minecraft:porkchop":5,"minecraft:oak_log":23,"minecraft:dirt":5,"hexerei:sage_seed":1,"minecraft:arrow":2,"minecraft:apple":3,"tombstone:magic_scroll":1,"minecraft:oak_sapling":9,"minecraft:birch_sapling":15,"minecraft:cobblestone":6},"minecraft:used":{"minecraft:oak_log":1,"minecraft:apple":3,"minecraft:stone_pickaxe":1,"minecraft:wooden_pickaxe":6,"minecraft:stone_bricks":1,"minecraft:stone_axe":18,"minecraft:dirt":5,"minecraft:crafting_table":2,"minecraft:porkchop":5},"minecraft:mined":{"minecraft:birch_log":33,"minecraft:crafting_table":2,"minecraft:grass":12,"minecraft:grass_block":4,"minecraft:oak_log":23,"minecraft:dirt":1,"minecraft:stone":6,"minecraft:oak_leaves":3},"minecraft:custom":{"minecraft:time_since_rest":0,"minecraft:sprint_one_cm":66121,"minecraft:damage_taken":175,"minecraft:walk_one_cm":39377,"minecraft:mob_kills":4,"minecraft:damage_dealt":510,"minecraft:swim_one_cm":5702,"minecraft:interact_with_crafting_table":3,"minecraft:fly_one_cm":127151,"minecraft:open_chest":4,"minecraft:crouch_one_cm":1224,"minecraft:play_time":16013,"tombstone:undead_killed":1,"minecraft:sneak_time":293,"minecraft:walk_under_water_one_cm":349,"minecraft:jump":556,"minecraft:leave_game":1,"minecraft:walk_on_water_one_cm":1378,"minecraft:time_since_death":16013,"minecraft:sleep_in_bed":2,"minecraft:total_world_time":16013,"vampirism:interact_with_injection_chair":7,"minecraft:fall_one_cm":18751}},"DataVersion":3465}