{"stats":{"minecraft:crafted":{"minecraft:oak_door":3,"minecraft:oak_planks":116,"minecraft:stone_shovel":1,"vampirism:injection_garlic":1,"minecraft:iron_boots":1,"minecraft:stone_pickaxe":1,"minecraft:chest":1,"minecraft:oak_fence":18,"minecraft:wheat":441,"minecraft:crafting_table":2,"minecraft:wooden_pickaxe":1,"minecraft:iron_sword":1,"minecraft:stone_axe":2,"minecraft:bread":147,"minecraft:oak_boat":2,"minecraft:shield":1,"minecraft:stick":8,"minecraft:oak_stairs":4},"minecraft:picked_up":{"minecraft:iron_chestplate":1,"minecraft:crafting_table":6,"minecraft:oak_stairs":15,"tombstone:grave_key":1,"minecraft:brick":4,"minecraft:iron_leggings":1,"minecraft:smooth_stone":1,"vampirism:injection_empty":1,"minecraft:oak_boat":2,"unearthed_journey:repeater_bow":1,"minecraft:tipped_arrow":1,"minecraft:stick":16,"minecraft:raw_iron":4,"minecraft:oak_door":4,"minecraft:oak_fence":12,"minecraft:torch":8,"vampirism:vampire_fang":1,"minecraft:carrot":3,"unearthed_journey:timeless_quaternary_lantern":2,"minecraft:cauldron":4,"hexerei:sage_seed":11,"minecraft:rotten_flesh":2,"minecraft:polished_granite_stairs":2,"vampirism:blood_bottle":1,"minecraft:arrow":1,"minecraft:hay_block":50,"minecraft:snowball":8,"minecraft:cobblestone":118,"minecraft:oak_log":86,"minecraft:cobblestone_stairs":1,"minecraft:yellow_bed":3,"minecraft:cobblestone_wall":2,"minecraft:dirt":98,"vampirism:human_heart":1,"minecraft:bone":1,"minecraft:apple":3,"minecraft:wheat_seeds":4,"vampirism:item_garlic":5,"minecraft:stone_pickaxe":1,"minecraft:stripped_oak_wood":1,"minecraft:moss_block":2,"minecraft:oak_planks":28,"minecraft:oak_slab":10,"vampirism:fire_place":1,"vampirism:ring":1,"minecraft:dandelion":2,"minecraft:gravel":3,"minecraft:white_bed":1,"minecraft:leather_helmet":1,"minecraft:mossy_cobblestone":10,"minecraft:iron_helmet":1,"minecraft:oak_sapling":51,"minecraft:coal":2},"minecraft:broken":{"minecraft:leather_helmet":1,"minecraft:stone_axe":1},"minecraft:used":{"minecraft:oak_fence":17,"minecraft:polished_granite_stairs":2,"minecraft:stone_shovel":14,"minecraft:chest":1,"minecraft:shield":5,"minecraft:iron_sword":87,"vampirism:hunter_axe_enhanced":2,"minecraft:oak_door":4,"minecraft:dirt":88,"minecraft:spyglass":87,"minecraft:oak_stairs":4,"minecraft:iron_boots":1,"minecraft:hay_block":1,"minecraft:stone_pickaxe":128,"minecraft:oak_planks":53,"minecraft:leather_chestplate":1,"minecraft:wooden_pickaxe":12,"vampirism:item_garlic":1,"minecraft:cauldron":4,"minecraft:mossy_cobblestone":2,"minecraft:oak_slab":10,"minecraft:crafting_table":7,"minecraft:white_bed":1,"minecraft:oak_log":58,"minecraft:bread":105,"minecraft:leather_helmet":1,"minecraft:gravel":3,"minecraft:stone_axe":131,"minecraft:cobblestone":80,"minecraft:yellow_bed":3,"minecraft:oak_boat":2,"minecraft:dandelion":1},"minecraft:mined":{"minecraft:dark_oak_planks":3,"minecraft:waxed_cut_copper_slab":1,"minecraft:spruce_planks":3,"minecraft:oak_sapling":20,"minecraft:mossy_cobblestone":7,"minecraft:oak_door":3,"minecraft:cobblestone_stairs":1,"minecraft:grass_block":27,"minecraft:spruce_leaves":4,"minecraft:moss_block":2,"minecraft:hay_block":50,"minecraft:smooth_stone":1,"minecraft:tall_seagrass":2,"minecraft:iron_ore":2,"minecraft:pumpkin":2,"minecraft:water_cauldron":2,"minecraft:flowering_azalea_leaves":1,"minecraft:dirt_path":6,"minecraft:oak_stairs":11,"minecraft:stone":75,"minecraft:oak_slab":10,"minecraft:glass_pane":1,"hexerei:witch_hazel_leaves":3,"minecraft:dandelion":2,"minecraft:powder_snow":68,"minecraft:oak_fence":10,"minecraft:crafting_table":6,"minecraft:torch":1,"minecraft:tall_grass":2,"minecraft:cobblestone":38,"minecraft:oak_planks":31,"minecraft:wall_torch":1,"minecraft:cauldron":2,"minecraft:red_terracotta":2,"unearthed_journey:black_walnut_leaves":1,"minecraft:cobblestone_wall":2,"minecraft:birch_leaves":3,"minecraft:stripped_oak_wood":1,"minecraft:yellow_bed":3,"minecraft:grass":58,"vampirism:garlic":1,"minecraft:oak_log":87,"minecraft:coal_ore":1,"vampirism:fire_place":1,"minecraft:dirt":42,"minecraft:oak_leaves":4},"minecraft:dropped":{"tombstone:grave_key":1,"minecraft:bone":1,"hexerei:sage_seed":1,"vampirism:blood_bottle":1,"minecraft:carrot":3},"minecraft:killed_by":{"minecraft:player":1},"minecraft:custom":{"minecraft:mob_kills":15,"minecraft:interact_with_crafting_table":13,"minecraft:open_barrel":1,"minecraft:bell_ring":4,"minecraft:damage_dealt_resisted":304,"minecraft:leave_game":7,"minecraft:time_since_death":122793,"minecraft:climb_one_cm":8332,"minecraft:sprint_one_cm":486903,"minecraft:walk_one_cm":238125,"minecraft:damage_blocked_by_shield":265,"vampirism:interact_with_totem":10,"minecraft:drop":5,"vampirism:skills_unlocked":1,"vampirism:capture_village":1,"minecraft:talked_to_villager":4,"minecraft:play_time":166209,"minecraft:deaths":1,"minecraft:sneak_time":11601,"minecraft:walk_under_water_one_cm":4543,"minecraft:boat_one_cm":530910,"minecraft:jump":4960,"minecraft:walk_on_water_one_cm":11385,"minecraft:total_world_time":166209,"vampirism:win_village_capture":1,"vampirism:interact_with_injection_chair":30,"tombstone:raider_killed":3,"vampirism:interact_with_research_table":6,"minecraft:sleep_in_bed":6,"minecraft:time_since_rest":20590,"minecraft:damage_taken":4084,"vampirism:tasks_accepted":1,"minecraft:damage_dealt":6127,"minecraft:swim_one_cm":22555,"minecraft:fly_one_cm":1164207,"minecraft:player_kills":2,"minecraft:open_chest":46,"minecraft:crouch_one_cm":42587,"tombstone:undead_killed":1,"tombstone:villager_killed":2,"minecraft:fall_one_cm":193531},"minecraft:killed":{"vampirism:vampire":5,"vampirism:villager_converted":2,"unearthed_journey:tuatara":1,"vampirism:hunter":1,"minecraft:pillager":3,"minecraft:stray":1,"unearthed_journey:reem":2}},"DataVersion":3465}