{"stats":{"minecraft:used":{"doppelgangermod:disguisechicken_spawn_egg":1,"minecraft:water_bucket":1,"minecraft:stone_sword":44,"minecraft:stone_pickaxe":242,"minecraft:dark_oak_leaves":5,"minecraft:wooden_pickaxe":44,"minecraft:red_mushroom_block":1,"minecraft:torch":3,"minecraft:stone_axe":24,"minecraft:dirt":1,"minecraft:cobblestone":25,"doppelgangermod:disguise_cow_spawn_egg":1,"minecraft:crafting_table":2,"minecraft:furnace":1,"minecraft:cooked_beef":2,"goat_man:goat_man_spawn_egg":1},"minecraft:custom":{"minecraft:time_since_rest":37086,"minecraft:interact_with_furnace":11,"minecraft:sprint_one_cm":62080,"minecraft:damage_taken":485,"minecraft:walk_one_cm":36652,"tombstone:sneak_grave":6,"minecraft:mob_kills":6,"minecraft:damage_dealt":2323,"minecraft:swim_one_cm":25310,"minecraft:interact_with_crafting_table":7,"minecraft:fly_one_cm":347890,"minecraft:play_time":39219,"minecraft:crouch_one_cm":27548,"tombstone:undead_killed":3,"minecraft:deaths":1,"minecraft:sneak_time":10338,"minecraft:walk_under_water_one_cm":11596,"minecraft:damage_dealt_resisted":18,"minecraft:jump":784,"minecraft:leave_game":1,"minecraft:time_since_death":37435,"minecraft:walk_on_water_one_cm":19059,"minecraft:total_world_time":39219,"minecraft:fall_one_cm":3791},"minecraft:mined":{"minecraft:dark_oak_leaves":1,"minecraft:iron_ore":8,"minecraft:dark_oak_log":17,"minecraft:andesite":28,"minecraft:crafting_table":1,"minecraft:grass_block":3,"minecraft:oak_log":4,"minecraft:coal_ore":17,"minecraft:dirt":12,"minecraft:mushroom_stem":5,"minecraft:cobblestone":6,"minecraft:red_mushroom_block":1,"minecraft:stone":193,"minecraft:moss_block":10,"minecraft:kelp":8,"minecraft:diorite":23,"minecraft:oak_leaves":3},"minecraft:crafted":{"minecraft:cooked_beef":2,"minecraft:crafting_table":1,"minecraft:stick":16,"minecraft:wooden_pickaxe":1,"minecraft:iron_ingot":7,"minecraft:stone_pickaxe":3,"minecraft:stone_sword":1,"minecraft:furnace":1,"minecraft:dark_oak_planks":68,"minecraft:torch":8,"minecraft:stone_axe":1,"minecraft:air":0},"minecraft:killed":{"minecraft:skeleton":3,"doppelgangermod:dpchicken":1,"minecraft:creeper":2},"minecraft:broken":{"minecraft:stone_pickaxe":1},"minecraft:picked_up":{"minecraft:crafting_table":1,"minecraft:raw_iron":8,"minecraft:andesite":27,"minecraft:leather":1,"minecraft:red_mushroom":2,"minecraft:sand":1,"minecraft:oak_log":4,"minecraft:diorite":23,"minecraft:gunpowder":2,"minecraft:dark_oak_log":17,"minecraft:dirt":21,"minecraft:bone":3,"minecraft:arrow":3,"minecraft:kelp":6,"minecraft:wheat_seeds":2,"minecraft:beef":2,"minecraft:oak_sapling":4,"minecraft:moss_block":8,"minecraft:coal":17,"minecraft:cobblestone":197}},"DataVersion":3465}