{"stats":{"minecraft:crafted":{"minecraft:oak_planks":64,"minecraft:stone_shovel":1,"minecraft:crafting_table":3,"ecologics:walnut_planks":88,"minecraft:wooden_pickaxe":1,"minecraft:stone_axe":1,"minecraft:bread":21,"minecraft:stick":4,"ecologics:walnut_door":3,"minecraft:stone_pickaxe":1,"minecraft:stone_hoe":1,"minecraft:wheat":63},"minecraft:killed":{"minecraft:creeper":1,"minecraft:skeleton":1},"minecraft:custom":{"minecraft:interact_with_furnace":2,"minecraft:mob_kills":2,"minecraft:interact_with_crafting_table":13,"minecraft:leave_game":2,"minecraft:time_since_death":36357,"minecraft:climb_one_cm":330,"minecraft:time_since_rest":36357,"minecraft:sprint_one_cm":86351,"minecraft:damage_taken":500,"minecraft:walk_one_cm":69706,"minecraft:damage_dealt":570,"minecraft:swim_one_cm":887,"minecraft:fly_one_cm":197606,"minecraft:crouch_one_cm":10518,"minecraft:play_time":36357,"tombstone:undead_killed":1,"minecraft:sneak_time":2654,"minecraft:walk_under_water_one_cm":193,"minecraft:jump":800,"minecraft:walk_on_water_one_cm":3989,"minecraft:total_world_time":36357,"minecraft:fall_one_cm":21592},"minecraft:mined":{"minecraft:crafting_table":1,"minecraft:grass_block":64,"minecraft:tall_grass":43,"minecraft:cobblestone":2,"minecraft:oak_planks":1,"minecraft:sugar_cane":4,"minecraft:diorite":2,"minecraft:hay_block":7,"minecraft:wheat":4,"minecraft:andesite":6,"minecraft:grass":61,"minecraft:oak_log":16,"minecraft:gravel":3,"minecraft:dirt":12,"ecologics:walnut_log":22,"minecraft:stone":34,"minecraft:oak_leaves":1},"minecraft:used":{"minecraft:diorite":2,"minecraft:stone_shovel":66,"minecraft:stone_pickaxe":20,"minecraft:oak_planks":23,"ecologics:walnut_door":1,"minecraft:wooden_pickaxe":26,"ecologics:walnut_sapling":5,"minecraft:sugar_cane":3,"minecraft:stone_hoe":8,"minecraft:oak_door":1,"minecraft:dirt":44,"minecraft:crafting_table":4,"minecraft:apple":2,"minecraft:bread":12,"minecraft:stone_axe":12,"ecologics:walnut_planks":20,"minecraft:cobblestone":8,"minecraft:oak_sapling":6,"ecologics:walnut":9,"minecraft:andesite":3,"minecraft:splash_potion":9},"minecraft:picked_up":{"swem:timothy_seeds":15,"minecraft:crafting_table":1,"ecologics:walnut":46,"minecraft:wheat":4,"minecraft:andesite":6,"minecraft:flint":1,"minecraft:oak_log":16,"minecraft:dirt":75,"minecraft:bone":1,"ecologics:walnut_sapling":27,"minecraft:apple":2,"minecraft:bow":1,"minecraft:wheat_seeds":19,"swem:oat_seeds":8,"minecraft:sugar_cane":7,"minecraft:oak_planks":1,"minecraft:stick":22,"ecologics:walnut_log":22,"minecraft:oak_door":1,"minecraft:gravel":2,"minecraft:diorite":2,"minecraft:arrow":2,"minecraft:hay_block":7,"swem:alfalfa_seeds":6,"minecraft:oak_sapling":8,"minecraft:cobblestone":36}},"DataVersion":3465}