{"stats":{"minecraft:mined":{"minecraft:mossy_cobblestone":2,"minecraft:ladder":4,"minecraft:granite":4,"minecraft:acacia_log":73,"minecraft:grass_block":69,"beautify:oak_blinds":3,"minecraft:hay_block":16,"minecraft:smooth_stone":1,"minecraft:furnace":2,"minecraft:carrots":6,"minecraft:iron_ore":21,"minecraft:acacia_stairs":1,"minecraft:andesite":28,"minecraft:pumpkin":3,"minecraft:fletching_table":2,"minecraft:water_cauldron":1,"minecraft:dirt_path":11,"minecraft:oak_stairs":7,"minecraft:stripped_oak_log":4,"ecologics:walnut_log":8,"minecraft:stone":783,"minecraft:glass_pane":6,"minecraft:oak_fence":1,"minecraft:crafting_table":6,"minecraft:torch":5,"minecraft:poppy":1,"ecologics:walnut_leaves":9,"minecraft:chest":1,"minecraft:tall_grass":27,"swem:star_worm_cobble":2,"minecraft:copper_ore":6,"minecraft:cobblestone":65,"minecraft:sugar_cane":4,"minecraft:oak_planks":30,"minecraft:diorite":17,"minecraft:wall_torch":5,"minecraft:cobblestone_wall":1,"minecraft:birch_log":14,"minecraft:grass":72,"minecraft:oak_log":91,"minecraft:coal_ore":25,"minecraft:sand":9,"minecraft:dirt":106,"minecraft:oak_leaves":68},"minecraft:custom":{"minecraft:mob_kills":20,"minecraft:interact_with_crafting_table":46,"minecraft:leave_game":3,"minecraft:time_since_death":122032,"minecraft:climb_one_cm":4461,"minecraft:sprint_one_cm":350404,"minecraft:walk_one_cm":253423,"minecraft:drop":11,"minecraft:damage_dealt_absorbed":80,"minecraft:talked_to_villager":1,"minecraft:play_time":158469,"minecraft:deaths":1,"minecraft:sneak_time":29367,"minecraft:walk_under_water_one_cm":3192,"minecraft:jump":2993,"minecraft:walk_on_water_one_cm":6109,"minecraft:total_world_time":158469,"minecraft:interact_with_furnace":34,"tombstone:raider_killed":4,"minecraft:sleep_in_bed":1,"minecraft:time_since_rest":120147,"minecraft:damage_taken":2125,"minecraft:damage_absorbed":160,"minecraft:damage_dealt":4337,"minecraft:swim_one_cm":19119,"minecraft:fly_one_cm":639756,"minecraft:open_chest":23,"minecraft:crouch_one_cm":97416,"tombstone:undead_killed":12,"minecraft:use_cauldron":25,"minecraft:fall_one_cm":105173},"minecraft:killed":{"doppelgangermod:dp_creeper":1,"minecraft:skeleton":4,"realmrpg_demons:chort":1,"minecraft:creeper":1,"minecraft:zombie":8,"minecraft:cow":4},"minecraft:broken":{"minecraft:stone_pickaxe":6,"minecraft:stone_shovel":1},"minecraft:picked_up":{"minecraft:charcoal":11,"beautify:oak_blinds":3,"minecraft:mud":2,"minecraft:crafting_table":6,"minecraft:ladder":4,"minecraft:oak_stairs":7,"minecraft:raw_copper":22,"ecologics:walnut_sapling":9,"minecraft:smooth_stone":1,"minecraft:beef":12,"minecraft:poppy":2,"minecraft:sugar_cane":11,"minecraft:chest":1,"minecraft:birch_sapling":3,"minecraft:furnace":2,"minecraft:stick":79,"minecraft:raw_iron":21,"ecologics:walnut_log":4,"minecraft:oak_fence":1,"minecraft:torch":14,"minecraft:acacia_log":73,"minecraft:diorite":17,"minecraft:carrot":25,"minecraft:cauldron":1,"minecraft:rotten_flesh":9,"minecraft:arrow":1,"minecraft:beetroot_seeds":1,"minecraft:hay_block":16,"swem:alfalfa_seeds":11,"minecraft:saddle":1,"minecraft:cobblestone":848,"minecraft:stripped_oak_log":4,"minecraft:birch_log":14,"swem:timothy_seeds":22,"ecologics:walnut":16,"minecraft:andesite":28,"swem:star_worm":7,"minecraft:leather":8,"alexsmobs:acacia_blossom":6,"minecraft:oak_log":90,"minecraft:cobblestone_wall":1,"minecraft:dirt":189,"minecraft:bone":3,"minecraft:apple":7,"minecraft:bow":1,"minecraft:wheat_seeds":20,"minecraft:iron_ingot":4,"minecraft:fletching_table":2,"swem:oat_seeds":10,"minecraft:acacia_sapling":25,"minecraft:oak_planks":30,"minecraft:pumpkin":3,"minecraft:oak_pressure_plate":1,"minecraft:sand":9,"minecraft:acacia_stairs":1,"minecraft:mossy_cobblestone":2,"waystones:waystone":2,"minecraft:granite":4,"minecraft:oak_sapling":45,"minecraft:coal":28,"minecraft:oak_leaves":46},"minecraft:dropped":{"minecraft:wheat_seeds":3,"minecraft:oak_pressure_plate":1,"minecraft:coal":3,"minecraft:potion":1,"minecraft:mud":1,"swem:oat_seeds":2,"swem:alfalfa_seeds":1,"swem:timothy_seeds":5,"minecraft:bow":1},"minecraft:crafted":{"minecraft:oak_planks":164,"minecraft:stone_shovel":1,"ecologics:walnut_planks":16,"minecraft:furnace":4,"minecraft:cobblestone_stairs":4,"minecraft:glass":9,"minecraft:ladder":6,"minecraft:stone_pickaxe":9,"minecraft:chest":5,"minecraft:oak_fence":18,"minecraft:wheat":45,"minecraft:cooked_beef":6,"minecraft:glass_bottle":3,"minecraft:oak_slab":24,"minecraft:crafting_table":4,"beautify:oak_blinds":7,"minecraft:wooden_pickaxe":1,"minecraft:acacia_stairs":12,"minecraft:stone_axe":1,"minecraft:bread":15,"minecraft:air":0,"minecraft:charcoal":19,"minecraft:stick":48,"minecraft:iron_ingot":2,"ecologics:walnut_door":3,"minecraft:stone_sword":1,"minecraft:acacia_door":6,"minecraft:acacia_planks":88,"minecraft:torch":92,"minecraft:shears":1},"minecraft:used":{"minecraft:oak_fence":17,"minecraft:stone_sword":103,"minecraft:acacia_log":21,"minecraft:stone_shovel":132,"minecraft:ladder":8,"ecologics:walnut_door":2,"minecraft:chest":6,"minecraft:torch":105,"minecraft:dirt":149,"minecraft:cobblestone_wall":1,"minecraft:carrot":37,"minecraft:iron_hoe":29,"minecraft:glass":6,"beautify:oak_blinds":9,"minecraft:iron_axe":91,"minecraft:oak_stairs":4,"minecraft:beef":3,"minecraft:furnace":6,"ecologics:walnut":16,"minecraft:cooked_beef":9,"minecraft:iron_ore":2,"minecraft:cobblestone_stairs":4,"minecraft:glass_bottle":50,"minecraft:stone_pickaxe":968,"minecraft:oak_planks":99,"minecraft:wooden_pickaxe":16,"minecraft:fletching_table":1,"minecraft:golden_apple":7,"minecraft:oak_slab":8,"minecraft:crafting_table":9,"minecraft:shears":65,"minecraft:oak_log":40,"minecraft:acacia_stairs":11,"minecraft:apple":6,"minecraft:acacia_door":4,"minecraft:bread":15,"minecraft:stone_axe":16,"minecraft:cobblestone":219,"minecraft:potion":42,"alexsmobs:animal_dictionary":1,"minecraft:air":10}},"DataVersion":3465}