{"stats":{"minecraft:crafted":{"minecraft:crafting_table":1,"minecraft:stick":4,"minecraft:wooden_pickaxe":1,"minecraft:stone_pickaxe":1,"minecraft:stone_sword":1,"minecraft:birch_planks":132,"minecraft:stone_axe":1,"minecraft:bread":3,"minecraft:wheat":9},"minecraft:killed":{"minecraft:skeleton":1,"minecraft:pig":3,"raxiores:yangchuanosaurus":1},"minecraft:killed_by":{"raxiores:giganotosaurus":1},"minecraft:picked_up":{"hexerei:animal_fat":2,"minecraft:birch_log":33,"minecraft:crafting_table":3,"minecraft:pink_petals":4,"minecraft:stick":20,"minecraft:dandelion":1,"minecraft:porkchop":6,"minecraft:oak_log":23,"minecraft:dirt":10,"hexerei:sage_seed":2,"minecraft:arrow":2,"minecraft:apple":10,"minecraft:wheat_seeds":1,"minecraft:hay_block":12,"tombstone:magic_scroll":1,"minecraft:oak_sapling":10,"minecraft:birch_sapling":15,"minecraft:cobblestone":9},"minecraft:used":{"minecraft:apple":5,"minecraft:stone_sword":22,"minecraft:birch_planks":4,"minecraft:stone_pickaxe":4,"minecraft:bread":11,"minecraft:wooden_pickaxe":6,"minecraft:stone_bricks":1,"raxiores:giganotosaurus_spawn_egg":1,"raxiores:yangchuanosaurus_spawn_egg":1,"minecraft:stone_axe":21,"minecraft:dirt":7,"minecraft:cobblestone":1,"minecraft:crafting_table":3,"minecraft:porkchop":5,"minecraft:oak_log":1},"minecraft:mined":{"minecraft:pink_petals":1,"minecraft:hay_block":12,"minecraft:birch_log":33,"minecraft:dandelion":1,"minecraft:crafting_table":3,"minecraft:grass":20,"minecraft:grass_block":14,"minecraft:oak_log":23,"minecraft:dirt_path":1,"minecraft:dirt":1,"minecraft:stone":9,"minecraft:oak_leaves":7},"minecraft:custom":{"minecraft:sprint_one_cm":126597,"minecraft:damage_taken":895,"minecraft:walk_one_cm":59313,"minecraft:mob_kills":5,"minecraft:drop":1,"minecraft:damage_dealt":1812,"minecraft:interact_with_crafting_table":6,"minecraft:swim_one_cm":12500,"minecraft:fly_one_cm":301560,"minecraft:open_chest":8,"minecraft:crouch_one_cm":4211,"minecraft:play_time":32258,"tombstone:undead_killed":1,"minecraft:deaths":1,"minecraft:sneak_time":1059,"minecraft:walk_under_water_one_cm":2207,"minecraft:jump":1223,"minecraft:leave_game":3,"minecraft:time_since_death":7892,"minecraft:walk_on_water_one_cm":4739,"minecraft:sleep_in_bed":2,"minecraft:total_world_time":32258,"vampirism:interact_with_injection_chair":7,"minecraft:fall_one_cm":37342,"minecraft:time_since_rest":7117},"minecraft:dropped":{"minecraft:apple":7}},"DataVersion":3465}