{"stats":{"minecraft:killed_by":{"minecraft:player":1},"minecraft:dropped":{"hexerei:sage_seed":1,"minecraft:carrot":3,"tombstone:grave_key":1},"minecraft:picked_up":{"minecraft:crafting_table":2,"minecraft:oak_stairs":10,"tombstone:grave_key":1,"minecraft:oak_log":49,"minecraft:brick":4,"minecraft:yellow_bed":3,"minecraft:cobblestone_wall":2,"minecraft:cobblestone_stairs":1,"minecraft:dirt":84,"minecraft:apple":1,"minecraft:wheat_seeds":3,"minecraft:smooth_stone":1,"minecraft:stripped_oak_wood":1,"minecraft:moss_block":2,"unearthed_journey:repeater_bow":1,"minecraft:oak_planks":15,"minecraft:oak_slab":10,"minecraft:stick":8,"minecraft:raw_iron":3,"minecraft:oak_door":4,"minecraft:oak_fence":9,"minecraft:torch":8,"minecraft:dandelion":2,"minecraft:carrot":3,"minecraft:cauldron":1,"unearthed_journey:timeless_quaternary_lantern":2,"minecraft:mossy_cobblestone":4,"minecraft:leather_helmet":1,"hexerei:sage_seed":6,"minecraft:polished_granite_stairs":2,"minecraft:hay_block":50,"minecraft:oak_sapling":35,"minecraft:coal":2,"minecraft:cobblestone":49},"minecraft:crafted":{"minecraft:oak_door":3,"minecraft:oak_planks":88,"minecraft:stone_shovel":1,"minecraft:crafting_table":1,"minecraft:wooden_pickaxe":1,"minecraft:stone_axe":1,"minecraft:bread":147,"minecraft:stick":4,"minecraft:stone_pickaxe":1,"minecraft:oak_stairs":4,"minecraft:chest":1,"minecraft:wheat":441},"minecraft:custom":{"minecraft:mob_kills":2,"minecraft:interact_with_crafting_table":7,"vampirism:interact_with_research_table":1,"minecraft:open_barrel":1,"minecraft:time_since_death":10229,"minecraft:sleep_in_bed":2,"minecraft:climb_one_cm":2593,"minecraft:time_since_rest":9949,"minecraft:sprint_one_cm":204993,"minecraft:damage_taken":1244,"minecraft:walk_one_cm":110833,"minecraft:drop":3,"vampirism:interact_with_totem":4,"minecraft:damage_dealt":1143,"minecraft:player_kills":1,"minecraft:swim_one_cm":3998,"minecraft:talked_to_villager":1,"minecraft:fly_one_cm":423582,"minecraft:open_chest":15,"minecraft:crouch_one_cm":20689,"minecraft:play_time":53645,"minecraft:deaths":1,"minecraft:sneak_time":4766,"minecraft:walk_under_water_one_cm":288,"minecraft:jump":1824,"minecraft:walk_on_water_one_cm":3602,"minecraft:total_world_time":53645,"minecraft:fall_one_cm":70186},"minecraft:mined":{"minecraft:oak_slab":10,"minecraft:oak_sapling":20,"minecraft:glass_pane":1,"minecraft:mossy_cobblestone":5,"minecraft:oak_door":3,"hexerei:witch_hazel_leaves":3,"minecraft:cobblestone_stairs":1,"minecraft:dandelion":2,"minecraft:oak_fence":9,"minecraft:crafting_table":2,"minecraft:torch":1,"minecraft:grass_block":25,"minecraft:cobblestone":32,"minecraft:moss_block":2,"minecraft:oak_planks":16,"minecraft:wall_torch":1,"minecraft:cauldron":1,"minecraft:smooth_stone":1,"minecraft:hay_block":50,"minecraft:tall_seagrass":2,"unearthed_journey:black_walnut_leaves":1,"minecraft:cobblestone_wall":2,"minecraft:iron_ore":1,"minecraft:birch_leaves":2,"minecraft:stripped_oak_wood":1,"minecraft:pumpkin":2,"minecraft:yellow_bed":3,"minecraft:grass":38,"minecraft:oak_log":49,"minecraft:coal_ore":1,"minecraft:flowering_azalea_leaves":1,"minecraft:dirt_path":6,"minecraft:oak_stairs":10,"minecraft:dirt":31,"minecraft:stone":18,"minecraft:oak_leaves":2},"minecraft:killed":{"unearthed_journey:reem":2},"minecraft:used":{"minecraft:polished_granite_stairs":2,"minecraft:stone_shovel":14,"minecraft:stone_pickaxe":55,"minecraft:oak_planks":21,"minecraft:chest":1,"minecraft:wooden_pickaxe":12,"minecraft:leather_chestplate":1,"minecraft:cauldron":1,"vampirism:hunter_axe_enhanced":1,"minecraft:oak_door":4,"minecraft:mossy_cobblestone":2,"minecraft:dirt":60,"minecraft:spyglass":66,"minecraft:oak_slab":10,"minecraft:crafting_table":3,"minecraft:oak_log":28,"minecraft:oak_stairs":4,"minecraft:bread":32,"minecraft:leather_helmet":1,"minecraft:stone_axe":91,"minecraft:cobblestone":42,"minecraft:hay_block":1,"minecraft:yellow_bed":3,"minecraft:dandelion":1}},"DataVersion":3465}