{"stats":{"minecraft:killed":{"minecraft:zombie":1,"minecraft:cow":2},"minecraft:crafted":{"minecraft:cooked_beef":3,"minecraft:glass_bottle":3,"minecraft:oak_planks":16,"minecraft:crafting_table":1,"minecraft:wooden_pickaxe":1,"minecraft:furnace":3,"minecraft:stone_axe":1,"minecraft:air":0,"minecraft:glass":9,"minecraft:charcoal":19,"minecraft:stick":4,"minecraft:stone_pickaxe":1,"minecraft:stone_sword":1},"minecraft:dropped":{"minecraft:potion":1},"minecraft:mined":{"minecraft:acacia_log":10,"minecraft:poppy":1,"minecraft:tall_grass":7,"minecraft:oak_planks":3,"minecraft:sugar_cane":4,"minecraft:cobblestone_wall":1,"minecraft:birch_log":14,"minecraft:pumpkin":3,"minecraft:fletching_table":1,"minecraft:grass":21,"minecraft:oak_log":47,"minecraft:sand":9,"minecraft:dirt":12,"ecologics:walnut_log":4,"minecraft:stone":35,"minecraft:oak_leaves":3},"minecraft:custom":{"minecraft:interact_with_furnace":21,"minecraft:mob_kills":3,"minecraft:interact_with_crafting_table":10,"minecraft:time_since_death":5210,"minecraft:sleep_in_bed":1,"minecraft:time_since_rest":3325,"minecraft:sprint_one_cm":118135,"minecraft:damage_taken":690,"minecraft:walk_one_cm":62311,"minecraft:drop":1,"minecraft:damage_dealt":400,"minecraft:swim_one_cm":19119,"minecraft:talked_to_villager":1,"minecraft:fly_one_cm":238787,"minecraft:open_chest":3,"minecraft:crouch_one_cm":7219,"minecraft:play_time":41647,"tombstone:undead_killed":1,"minecraft:deaths":1,"minecraft:sneak_time":2409,"minecraft:walk_under_water_one_cm":3066,"minecraft:jump":1122,"minecraft:walk_on_water_one_cm":5460,"minecraft:total_world_time":41647,"minecraft:use_cauldron":25,"minecraft:fall_one_cm":40543},"minecraft:picked_up":{"minecraft:birch_log":14,"minecraft:mud":1,"swem:timothy_seeds":3,"ecologics:walnut":8,"minecraft:leather":4,"alexsmobs:acacia_blossom":2,"minecraft:oak_log":47,"minecraft:cobblestone_wall":1,"minecraft:dirt":20,"minecraft:apple":6,"ecologics:walnut_sapling":7,"minecraft:wheat_seeds":7,"minecraft:beef":6,"minecraft:poppy":1,"minecraft:fletching_table":1,"swem:oat_seeds":2,"minecraft:sugar_cane":11,"minecraft:birch_sapling":3,"minecraft:oak_planks":3,"minecraft:acacia_sapling":1,"minecraft:stick":40,"minecraft:pumpkin":3,"ecologics:walnut_log":4,"minecraft:torch":1,"minecraft:acacia_log":10,"minecraft:sand":9,"minecraft:carrot":3,"minecraft:rotten_flesh":3,"minecraft:beetroot_seeds":1,"swem:alfalfa_seeds":2,"minecraft:oak_sapling":29,"minecraft:cobblestone":35},"minecraft:used":{"minecraft:glass_bottle":38,"minecraft:stone_pickaxe":32,"minecraft:wooden_pickaxe":16,"minecraft:fletching_table":1,"minecraft:dirt":13,"minecraft:crafting_table":1,"minecraft:cobblestone_wall":1,"minecraft:carrot":4,"minecraft:oak_log":4,"minecraft:iron_hoe":9,"minecraft:apple":6,"minecraft:stone_axe":15,"minecraft:cobblestone":2,"minecraft:potion":31,"minecraft:furnace":3,"ecologics:walnut":8,"alexsmobs:animal_dictionary":1,"minecraft:cooked_beef":4,"minecraft:air":10}},"DataVersion":3465}