{"stats":{"minecraft:killed":{"minecraft:sheep":3,"minecraft:skeleton":1,"alexsmobs:fly":2},"minecraft:crafted":{"minecraft:crafting_table":2,"minecraft:spruce_planks":84,"minecraft:wooden_pickaxe":1,"minecraft:bowl":4,"minecraft:furnace":1,"minecraft:mushroom_stew":11,"minecraft:stone_axe":1,"minecraft:cooked_mutton":2,"minecraft:air":0,"minecraft:charcoal":24,"minecraft:stick":8,"minecraft:stone_pickaxe":3,"minecraft:stone_sword":1,"minecraft:white_bed":1,"minecraft:torch":24},"minecraft:custom":{"minecraft:interact_with_furnace":14,"minecraft:mob_kills":6,"minecraft:interact_with_crafting_table":8,"minecraft:leave_game":1,"minecraft:time_since_death":47877,"minecraft:sleep_in_bed":2,"minecraft:climb_one_cm":25,"minecraft:time_since_rest":16791,"minecraft:sprint_one_cm":117602,"minecraft:damage_taken":610,"minecraft:walk_one_cm":39867,"minecraft:damage_dealt":566,"minecraft:swim_one_cm":9304,"minecraft:fly_one_cm":518445,"minecraft:crouch_one_cm":19369,"minecraft:play_time":47877,"tombstone:undead_killed":1,"minecraft:sneak_time":6277,"minecraft:walk_under_water_one_cm":4461,"minecraft:jump":1177,"minecraft:walk_on_water_one_cm":12175,"minecraft:total_world_time":47877,"minecraft:fall_one_cm":32743},"minecraft:used":{"minecraft:calcite":4,"minecraft:cooked_mutton":2,"minecraft:stone_sword":17,"minecraft:stone_pickaxe":229,"minecraft:wooden_pickaxe":9,"minecraft:torch":11,"minecraft:dirt":6,"minecraft:crafting_table":2,"minecraft:mushroom_stew":9,"minecraft:white_bed":1,"vampirism:item_tent":3,"minecraft:stone_axe":2,"minecraft:cobblestone":17,"minecraft:sweet_berries":14,"minecraft:furnace":1},"minecraft:broken":{"minecraft:stone_pickaxe":1},"minecraft:picked_up":{"vampirism:item_tent":4,"minecraft:brown_mushroom":151,"minecraft:red_mushroom":18,"minecraft:dirt":40,"minecraft:moss_carpet":5,"minecraft:bone":1,"minecraft:calcite":56,"minecraft:azalea":2,"minecraft:moss_block":12,"minecraft:oak_planks":1,"minecraft:stick":12,"minecraft:sweet_berries":11,"vampirism:fire_place":1,"minecraft:torch":1,"minecraft:gravel":3,"minecraft:spruce_sapling":15,"minecraft:spruce_log":46,"minecraft:arrow":2,"minecraft:mutton":4,"minecraft:coal":3,"minecraft:white_wool":3,"minecraft:cobblestone":172},"minecraft:mined":{"vampirism:tent_main":2,"minecraft:grass_block":13,"minecraft:calcite":56,"minecraft:mushroom_stem":50,"minecraft:cobblestone":5,"minecraft:moss_block":13,"minecraft:large_fern":4,"minecraft:sweet_berry_bush":3,"minecraft:spruce_log":46,"minecraft:moss_carpet":2,"vampirism:tent":2,"minecraft:grass":1,"minecraft:coal_ore":3,"vampirism:fire_place":1,"minecraft:gravel":3,"minecraft:dirt":27,"minecraft:azalea":1,"minecraft:stone":167,"minecraft:fern":3}},"DataVersion":3465}