{"stats":{"minecraft:picked_up":{"minecraft:mud":6,"minecraft:iron_chestplate":3,"minecraft:crafting_table":6,"minecraft:wheat":1,"minecraft:feather":4,"minecraft:chicken":4,"minecraft:salmon":4,"minecraft:leather":2,"minecraft:oak_log":3,"minecraft:dirt":30,"minecraft:iron_leggings":2,"minecraft:armor_stand":1,"minecraft:bone":5,"minecraft:light_blue_banner":1,"minecraft:stone_bricks":8,"minecraft:bow":1,"minecraft:wheat_seeds":5,"comforts:sleeping_bag_white":3,"minecraft:beef":3,"minecraft:oak_boat":2,"minecraft:iron_boots":3,"minecraft:furnace":1,"hexerei:animal_fat":1,"minecraft:tipped_arrow":3,"minecraft:stick":4,"minecraft:oak_fence":1,"minecraft:acacia_log":9,"minecraft:porkchop":3,"minecraft:nether_brick_stairs":1,"minecraft:spruce_sapling":1,"tombstone:grave_dust":1,"sophisticatedbackpacks:iron_backpack":1,"minecraft:spruce_log":2,"minecraft:white_bed":2,"hexerei:sage_seed":1,"minecraft:arrow":8,"minecraft:rotten_flesh":2,"minecraft:iron_helmet":3,"minecraft:hay_block":11,"unearthed_journey:black_walnut_log":8,"minecraft:oak_sapling":2,"minecraft:mutton":4,"minecraft:white_wool":3,"minecraft:cobblestone":56},"minecraft:used":{"minecraft:cooked_mutton":4,"unearthed_journey:black_walnut_door":1,"minecraft:stone_sword":100,"minecraft:stone_pickaxe":65,"minecraft:shield":7,"minecraft:wooden_pickaxe":13,"minecraft:cooked_salmon":2,"minecraft:cooked_chicken":4,"minecraft:dirt":24,"minecraft:crafting_table":6,"minecraft:white_bed":3,"minecraft:nether_brick_stairs":1,"minecraft:bread":29,"unearthed_journey:black_walnut_log":2,"minecraft:stone_axe":38,"minecraft:cobblestone":10,"minecraft:furnace":1,"minecraft:oak_boat":2,"comforts:sleeping_bag_white":2},"minecraft:crafted":{"unearthed_journey:black_walnut_planks":24,"minecraft:oak_planks":12,"minecraft:crafting_table":2,"minecraft:wooden_pickaxe":1,"minecraft:cooked_chicken":4,"minecraft:furnace":1,"minecraft:cooked_salmon":2,"minecraft:stone_axe":1,"minecraft:bread":33,"minecraft:cooked_mutton":5,"minecraft:air":0,"minecraft:oak_boat":1,"unearthed_journey:black_walnut_door":3,"minecraft:charcoal":5,"minecraft:shield":2,"minecraft:stick":8,"minecraft:stone_pickaxe":1,"minecraft:stone_sword":1,"minecraft:white_bed":1,"minecraft:acacia_planks":12,"minecraft:wheat":99},"minecraft:dropped":{"minecraft:furnace":1,"hexerei:sage_seed":1,"minecraft:wheat_seeds":2,"tombstone:gift":1,"minecraft:iron_helmet":2,"minecraft:feather":4,"minecraft:iron_boots":2,"minecraft:leather":2,"minecraft:tipped_arrow":3,"minecraft:iron_chestplate":2,"minecraft:oak_sapling":2,"minecraft:iron_leggings":1,"minecraft:wooden_pickaxe":1,"minecraft:spruce_sapling":1,"minecraft:armor_stand":1},"minecraft:killed":{"minecraft:pig":1,"minecraft:salmon":4,"minecraft:sheep":3,"minecraft:skeleton":3,"minecraft:zombie":3,"minecraft:chicken":4,"minecraft:stray":6,"minecraft:cow":1},"minecraft:custom":{"minecraft:interact_with_furnace":19,"minecraft:mob_kills":27,"minecraft:interact_with_crafting_table":16,"minecraft:time_since_death":95567,"minecraft:sleep_in_bed":4,"minecraft:climb_one_cm":267,"minecraft:time_since_rest":6387,"minecraft:sprint_one_cm":238688,"minecraft:damage_taken":1293,"minecraft:walk_one_cm":87246,"minecraft:damage_blocked_by_shield":175,"minecraft:drop":18,"vampirism:interact_with_totem":3,"minecraft:damage_dealt":3605,"minecraft:swim_one_cm":15475,"minecraft:fly_one_cm":656382,"minecraft:open_chest":15,"minecraft:crouch_one_cm":14842,"minecraft:play_time":95567,"tombstone:undead_killed":12,"minecraft:sneak_time":4633,"minecraft:walk_under_water_one_cm":11954,"minecraft:boat_one_cm":210213,"minecraft:jump":2446,"minecraft:walk_on_water_one_cm":10118,"minecraft:total_world_time":95567,"minecraft:fall_one_cm":84891},"minecraft:mined":{"minecraft:acacia_leaves":3,"minecraft:white_bed":2,"minecraft:crafting_table":6,"minecraft:acacia_log":9,"minecraft:grass_block":8,"unearthed_journey:black_walnut_log":8,"minecraft:tall_grass":4,"minecraft:spruce_leaves":7,"minecraft:spawner":6,"minecraft:large_fern":2,"minecraft:hay_block":11,"minecraft:tall_seagrass":1,"minecraft:light_blue_wall_banner":1,"minecraft:furnace":1,"minecraft:spruce_log":1,"minecraft:birch_leaves":1,"unusualprehistory:tar":55,"minecraft:nether_brick_stairs":1,"minecraft:grass":36,"minecraft:oak_log":3,"minecraft:cobweb":2,"minecraft:dirt":16,"minecraft:packed_ice":5,"minecraft:stone_bricks":8,"minecraft:stone":51,"unusualprehistory:splattered_tar":1,"minecraft:oak_leaves":1,"hexerei:willow_leaves":3}},"DataVersion":3465}