{"stats":{"minecraft:crafted":{"minecraft:charcoal":24,"minecraft:crafting_table":2,"minecraft:spruce_planks":84,"minecraft:stick":4,"minecraft:wooden_pickaxe":1,"minecraft:stone_pickaxe":1,"minecraft:stone_sword":1,"minecraft:furnace":1,"minecraft:torch":12,"minecraft:stone_axe":1,"minecraft:cooked_mutton":2,"minecraft:air":0},"minecraft:killed":{"minecraft:sheep":3,"alexsmobs:fly":1},"minecraft:custom":{"minecraft:time_since_rest":14980,"minecraft:interact_with_furnace":14,"minecraft:sprint_one_cm":32907,"minecraft:damage_taken":120,"minecraft:walk_one_cm":17699,"minecraft:mob_kills":4,"minecraft:damage_dealt":260,"minecraft:interact_with_crafting_table":5,"minecraft:fly_one_cm":58910,"minecraft:crouch_one_cm":9172,"minecraft:play_time":14980,"minecraft:sneak_time":2366,"minecraft:jump":309,"minecraft:walk_on_water_one_cm":398,"minecraft:time_since_death":14980,"minecraft:total_world_time":14980,"minecraft:fall_one_cm":6846},"minecraft:used":{"minecraft:calcite":2,"minecraft:cooked_mutton":2,"vampirism:item_tent":3,"minecraft:stone_sword":9,"minecraft:stone_pickaxe":111,"minecraft:wooden_pickaxe":9,"minecraft:stone_axe":1,"minecraft:torch":3,"minecraft:dirt":1,"minecraft:cobblestone":2,"minecraft:sweet_berries":7,"minecraft:crafting_table":2,"minecraft:furnace":1},"minecraft:picked_up":{"minecraft:stick":12,"vampirism:item_tent":4,"minecraft:sweet_berries":5,"vampirism:fire_place":1,"minecraft:torch":1,"minecraft:gravel":2,"minecraft:spruce_sapling":15,"minecraft:spruce_log":46,"minecraft:dirt":16,"minecraft:calcite":43,"minecraft:oak_planks":1,"minecraft:mutton":4,"minecraft:white_wool":3,"minecraft:cobblestone":75},"minecraft:mined":{"minecraft:large_fern":2,"minecraft:sweet_berry_bush":2,"minecraft:spruce_log":46,"vampirism:tent_main":2,"vampirism:tent":2,"minecraft:grass_block":9,"minecraft:calcite":43,"vampirism:fire_place":1,"minecraft:gravel":2,"minecraft:dirt":7,"minecraft:stone":75,"minecraft:fern":2}},"DataVersion":3465}