{"stats":{"minecraft:custom":{"minecraft:interact_with_furnace":19,"minecraft:mob_kills":27,"minecraft:interact_with_crafting_table":16,"minecraft:leave_game":2,"minecraft:time_since_death":116950,"minecraft:sleep_in_bed":5,"minecraft:climb_one_cm":267,"minecraft:time_since_rest":1152,"minecraft:sprint_one_cm":286367,"minecraft:damage_taken":1617,"minecraft:walk_one_cm":111247,"minecraft:damage_blocked_by_shield":313,"minecraft:drop":18,"vampirism:interact_with_totem":3,"minecraft:damage_dealt":3947,"minecraft:swim_one_cm":17110,"minecraft:fly_one_cm":766418,"minecraft:player_kills":1,"minecraft:open_chest":16,"minecraft:crouch_one_cm":15850,"minecraft:play_time":116950,"tombstone:undead_killed":12,"minecraft:sneak_time":4964,"minecraft:walk_under_water_one_cm":12484,"minecraft:boat_one_cm":210213,"minecraft:jump":2906,"minecraft:walk_on_water_one_cm":17410,"minecraft:fall_one_cm":97122,"minecraft:total_world_time":116950},"minecraft:used":{"minecraft:cooked_mutton":4,"unearthed_journey:black_walnut_door":1,"minecraft:stone_sword":114,"minecraft:stone_pickaxe":72,"minecraft:wooden_pickaxe":13,"minecraft:shield":10,"minecraft:cooked_salmon":2,"minecraft:cooked_chicken":4,"minecraft:dirt":24,"minecraft:crafting_table":6,"minecraft:white_bed":3,"minecraft:nether_brick_stairs":1,"minecraft:bread":40,"unearthed_journey:black_walnut_log":2,"minecraft:stone_axe":41,"minecraft:cobblestone":24,"minecraft:furnace":1,"comforts:sleeping_bag_white":3,"minecraft:oak_boat":2},"minecraft:picked_up":{"minecraft:mud":6,"minecraft:crafting_table":6,"minecraft:iron_chestplate":3,"minecraft:wheat":1,"minecraft:feather":4,"minecraft:chicken":4,"minecraft:salmon":4,"minecraft:leather":2,"minecraft:tuff":3,"minecraft:oak_log":3,"minecraft:string":8,"minecraft:dirt":30,"minecraft:iron_leggings":2,"minecraft:armor_stand":1,"minecraft:bone":5,"minecraft:light_blue_banner":1,"minecraft:stone_bricks":8,"minecraft:bow":1,"minecraft:wheat_seeds":5,"minecraft:cobbled_deepslate":4,"comforts:sleeping_bag_white":4,"minecraft:beef":3,"minecraft:oak_boat":2,"minecraft:oak_planks":2,"minecraft:iron_boots":3,"minecraft:furnace":1,"hexerei:animal_fat":1,"minecraft:raw_iron":1,"minecraft:tipped_arrow":3,"minecraft:stick":4,"minecraft:oak_fence":1,"minecraft:acacia_log":9,"minecraft:porkchop":3,"sophisticatedbackpacks:iron_backpack":1,"minecraft:spruce_sapling":1,"minecraft:nether_brick_stairs":1,"tombstone:grave_dust":1,"minecraft:white_bed":2,"minecraft:spruce_log":2,"hexerei:sage_seed":1,"minecraft:arrow":8,"minecraft:rotten_flesh":4,"minecraft:hay_block":11,"minecraft:iron_helmet":3,"unearthed_journey:black_walnut_log":8,"minecraft:oak_sapling":2,"minecraft:mutton":4,"minecraft:white_wool":3,"minecraft:cobblestone":57},"minecraft:killed":{"minecraft:pig":1,"minecraft:salmon":4,"minecraft:sheep":3,"minecraft:skeleton":3,"minecraft:zombie":3,"minecraft:chicken":4,"minecraft:stray":6,"minecraft:cow":1},"minecraft:dropped":{"minecraft:furnace":1,"hexerei:sage_seed":1,"minecraft:wheat_seeds":2,"tombstone:gift":1,"minecraft:iron_helmet":2,"minecraft:feather":4,"minecraft:iron_boots":2,"minecraft:leather":2,"minecraft:tipped_arrow":3,"minecraft:iron_chestplate":2,"minecraft:oak_sapling":2,"minecraft:iron_leggings":1,"minecraft:wooden_pickaxe":1,"minecraft:spruce_sapling":1,"minecraft:armor_stand":1},"minecraft:mined":{"minecraft:tuff":3,"minecraft:acacia_leaves":3,"minecraft:white_bed":2,"minecraft:crafting_table":6,"minecraft:acacia_log":9,"minecraft:grass_block":8,"unearthed_journey:black_walnut_log":8,"minecraft:tall_grass":4,"minecraft:spruce_leaves":7,"minecraft:oak_planks":2,"minecraft:spawner":6,"minecraft:large_fern":2,"minecraft:hay_block":11,"minecraft:tall_seagrass":1,"minecraft:light_blue_wall_banner":1,"minecraft:furnace":1,"minecraft:iron_ore":1,"minecraft:spruce_log":1,"minecraft:birch_leaves":1,"unusualprehistory:tar":55,"minecraft:nether_brick_stairs":1,"minecraft:grass":36,"minecraft:oak_log":3,"minecraft:dirt":16,"minecraft:packed_ice":5,"minecraft:cobweb":9,"minecraft:stone":51,"minecraft:stone_bricks":8,"unusualprehistory:splattered_tar":1,"minecraft:oak_leaves":1,"minecraft:deepslate":3,"hexerei:willow_leaves":3},"minecraft:crafted":{"unearthed_journey:black_walnut_planks":24,"minecraft:oak_planks":12,"minecraft:crafting_table":2,"minecraft:wooden_pickaxe":1,"minecraft:cooked_chicken":4,"minecraft:furnace":1,"minecraft:cooked_salmon":2,"minecraft:stone_axe":1,"minecraft:bread":33,"minecraft:cooked_mutton":5,"minecraft:air":0,"minecraft:oak_boat":1,"unearthed_journey:black_walnut_door":3,"minecraft:charcoal":5,"minecraft:shield":2,"minecraft:stick":8,"minecraft:stone_pickaxe":1,"minecraft:stone_sword":1,"minecraft:white_bed":1,"minecraft:acacia_planks":12,"minecraft:wheat":99}},"DataVersion":3465}