{"stats":{"minecraft:used":{"minecraft:iron_ore":2,"minecraft:acacia_log":3,"minecraft:glass_bottle":50,"minecraft:stone_shovel":58,"minecraft:stone_pickaxe":86,"minecraft:ladder":4,"minecraft:oak_planks":93,"minecraft:chest":2,"minecraft:wooden_pickaxe":16,"minecraft:fletching_table":1,"minecraft:dirt":17,"minecraft:crafting_table":3,"minecraft:cobblestone_wall":1,"minecraft:carrot":4,"minecraft:shears":65,"minecraft:iron_hoe":18,"minecraft:oak_log":23,"minecraft:acacia_stairs":8,"minecraft:apple":6,"minecraft:iron_axe":25,"minecraft:bread":6,"minecraft:stone_axe":16,"minecraft:cobblestone":8,"minecraft:potion":42,"minecraft:furnace":4,"ecologics:walnut":10,"alexsmobs:animal_dictionary":1,"minecraft:cooked_beef":6,"minecraft:air":10},"minecraft:picked_up":{"minecraft:stripped_oak_log":4,"minecraft:birch_log":14,"minecraft:charcoal":11,"minecraft:mud":2,"swem:timothy_seeds":12,"minecraft:crafting_table":2,"ecologics:walnut":10,"minecraft:leather":4,"alexsmobs:acacia_blossom":2,"minecraft:oak_log":59,"minecraft:cobblestone_wall":1,"minecraft:dirt":94,"minecraft:apple":6,"ecologics:walnut_sapling":7,"minecraft:wheat_seeds":14,"minecraft:smooth_stone":1,"minecraft:beef":6,"minecraft:fletching_table":2,"minecraft:poppy":1,"minecraft:chest":1,"swem:oat_seeds":6,"minecraft:sugar_cane":11,"minecraft:acacia_sapling":1,"minecraft:birch_sapling":3,"minecraft:oak_planks":10,"minecraft:furnace":2,"minecraft:stick":41,"minecraft:raw_iron":2,"ecologics:walnut_log":4,"minecraft:pumpkin":3,"minecraft:torch":1,"minecraft:acacia_log":13,"minecraft:sand":9,"minecraft:carrot":3,"minecraft:cauldron":1,"minecraft:mossy_cobblestone":2,"minecraft:rotten_flesh":3,"minecraft:beetroot_seeds":1,"minecraft:hay_block":5,"swem:alfalfa_seeds":5,"minecraft:saddle":1,"minecraft:oak_sapling":34,"minecraft:oak_leaves":46,"minecraft:cobblestone":75},"minecraft:killed":{"minecraft:skeleton":1,"minecraft:zombie":1,"minecraft:cow":2},"minecraft:custom":{"minecraft:interact_with_furnace":27,"minecraft:mob_kills":4,"minecraft:interact_with_crafting_table":24,"minecraft:time_since_death":33287,"minecraft:sleep_in_bed":1,"minecraft:climb_one_cm":848,"minecraft:time_since_rest":31402,"minecraft:sprint_one_cm":177912,"minecraft:damage_taken":935,"minecraft:walk_one_cm":108226,"minecraft:drop":5,"minecraft:damage_dealt":566,"minecraft:swim_one_cm":19119,"minecraft:talked_to_villager":1,"minecraft:fly_one_cm":342516,"minecraft:open_chest":10,"minecraft:crouch_one_cm":22343,"minecraft:play_time":69724,"tombstone:undead_killed":2,"minecraft:deaths":1,"minecraft:sneak_time":6042,"minecraft:walk_under_water_one_cm":3192,"minecraft:jump":1714,"minecraft:walk_on_water_one_cm":6109,"minecraft:total_world_time":69724,"minecraft:fall_one_cm":58886,"minecraft:use_cauldron":25},"minecraft:dropped":{"minecraft:wheat_seeds":3,"swem:timothy_seeds":3,"minecraft:potion":1,"minecraft:mud":1,"swem:oat_seeds":2},"minecraft:mined":{"minecraft:glass_pane":2,"minecraft:mossy_cobblestone":2,"minecraft:crafting_table":2,"minecraft:acacia_log":13,"minecraft:grass_block":14,"minecraft:poppy":1,"ecologics:walnut_leaves":9,"minecraft:chest":1,"minecraft:tall_grass":7,"minecraft:cobblestone":29,"minecraft:sugar_cane":4,"minecraft:oak_planks":10,"minecraft:smooth_stone":1,"minecraft:hay_block":5,"minecraft:furnace":2,"minecraft:cobblestone_wall":1,"minecraft:birch_log":14,"minecraft:iron_ore":2,"minecraft:pumpkin":3,"minecraft:fletching_table":2,"minecraft:grass":35,"minecraft:oak_log":60,"minecraft:water_cauldron":1,"minecraft:dirt_path":7,"minecraft:sand":9,"minecraft:dirt":65,"minecraft:stripped_oak_log":4,"ecologics:walnut_log":4,"minecraft:stone":46,"minecraft:oak_leaves":68},"minecraft:crafted":{"minecraft:cooked_beef":3,"minecraft:glass_bottle":3,"minecraft:oak_planks":124,"minecraft:stone_shovel":1,"minecraft:crafting_table":2,"minecraft:wooden_pickaxe":1,"ecologics:walnut_planks":16,"minecraft:furnace":4,"minecraft:acacia_stairs":8,"minecraft:stone_axe":1,"minecraft:bread":15,"minecraft:air":0,"minecraft:glass":9,"minecraft:charcoal":19,"minecraft:ladder":6,"minecraft:stick":4,"minecraft:iron_ingot":2,"minecraft:stone_pickaxe":1,"minecraft:stone_sword":1,"minecraft:chest":1,"minecraft:acacia_planks":12,"minecraft:shears":1,"minecraft:wheat":45}},"DataVersion":3465}