{"stats":{"minecraft:crafted":{"minecraft:oak_planks":16,"minecraft:wooden_pickaxe":1},"minecraft:mined":{"minecraft:grass":6,"minecraft:oak_log":4,"minecraft:sand":9,"minecraft:dirt":12,"minecraft:stone":4,"minecraft:oak_planks":3,"minecraft:sugar_cane":4,"minecraft:pumpkin":3,"minecraft:oak_leaves":2},"minecraft:custom":{"minecraft:time_since_rest":5647,"minecraft:crouch_one_cm":2289,"minecraft:play_time":5647,"minecraft:sprint_one_cm":18108,"minecraft:damage_taken":10,"minecraft:walk_one_cm":6364,"minecraft:sneak_time":928,"minecraft:walk_under_water_one_cm":792,"minecraft:jump":155,"minecraft:time_since_death":5647,"minecraft:walk_on_water_one_cm":1090,"minecraft:total_world_time":5647,"minecraft:interact_with_crafting_table":3,"minecraft:fall_one_cm":5784,"minecraft:fly_one_cm":43224},"minecraft:picked_up":{"minecraft:stick":3,"minecraft:pumpkin":3,"minecraft:wheat_seeds":1,"swem:alfalfa_seeds":1,"minecraft:sand":9,"minecraft:oak_log":4,"minecraft:oak_sapling":6,"swem:oat_seeds":1,"minecraft:sugar_cane":11,"minecraft:oak_planks":3,"minecraft:dirt":12,"minecraft:cobblestone":4},"minecraft:used":{"minecraft:wooden_pickaxe":16}},"DataVersion":3465}