{"stats":{"minecraft:used":{"minecraft:stone_sword":33,"minecraft:acacia_log":21,"minecraft:stone_shovel":79,"minecraft:ladder":8,"ecologics:walnut_door":2,"minecraft:chest":6,"minecraft:torch":95,"minecraft:dirt":18,"minecraft:cobblestone_wall":1,"minecraft:carrot":23,"minecraft:iron_hoe":18,"minecraft:glass":6,"beautify:oak_blinds":9,"minecraft:iron_axe":47,"minecraft:furnace":6,"ecologics:walnut":16,"minecraft:cooked_beef":9,"minecraft:iron_ore":2,"minecraft:glass_bottle":50,"minecraft:stone_pickaxe":926,"minecraft:oak_planks":99,"minecraft:wooden_pickaxe":16,"minecraft:fletching_table":1,"minecraft:oak_slab":8,"minecraft:crafting_table":8,"minecraft:shears":65,"minecraft:oak_log":23,"minecraft:acacia_stairs":8,"minecraft:apple":6,"minecraft:bread":15,"minecraft:stone_axe":16,"minecraft:cobblestone":16,"minecraft:potion":42,"alexsmobs:animal_dictionary":1,"minecraft:air":10},"minecraft:picked_up":{"beautify:oak_blinds":3,"minecraft:mud":2,"minecraft:charcoal":11,"minecraft:crafting_table":5,"minecraft:ladder":4,"minecraft:raw_copper":22,"ecologics:walnut_sapling":9,"minecraft:smooth_stone":1,"minecraft:beef":9,"minecraft:poppy":1,"minecraft:sugar_cane":11,"minecraft:chest":1,"minecraft:birch_sapling":3,"minecraft:furnace":2,"minecraft:stick":72,"minecraft:raw_iron":21,"ecologics:walnut_log":4,"minecraft:torch":5,"minecraft:acacia_log":57,"minecraft:diorite":17,"minecraft:carrot":25,"minecraft:cauldron":1,"minecraft:rotten_flesh":9,"minecraft:beetroot_seeds":1,"minecraft:hay_block":5,"swem:alfalfa_seeds":6,"minecraft:saddle":1,"minecraft:cobblestone":812,"minecraft:birch_log":14,"minecraft:stripped_oak_log":4,"swem:timothy_seeds":16,"ecologics:walnut":16,"minecraft:andesite":28,"swem:star_worm":7,"minecraft:leather":6,"alexsmobs:acacia_blossom":5,"minecraft:oak_log":85,"minecraft:cobblestone_wall":1,"minecraft:dirt":117,"minecraft:apple":7,"minecraft:wheat_seeds":14,"minecraft:fletching_table":2,"swem:oat_seeds":8,"minecraft:oak_planks":12,"minecraft:acacia_sapling":18,"minecraft:pumpkin":3,"minecraft:sand":9,"minecraft:acacia_stairs":1,"minecraft:mossy_cobblestone":2,"minecraft:granite":4,"minecraft:oak_sapling":45,"minecraft:coal":25,"minecraft:oak_leaves":46},"minecraft:killed":{"minecraft:skeleton":1,"minecraft:zombie":5,"minecraft:cow":3},"minecraft:custom":{"minecraft:mob_kills":9,"minecraft:interact_with_crafting_table":39,"minecraft:time_since_death":93287,"minecraft:climb_one_cm":3885,"minecraft:sprint_one_cm":268617,"minecraft:walk_one_cm":178575,"minecraft:drop":6,"minecraft:damage_dealt_absorbed":80,"minecraft:talked_to_villager":1,"minecraft:play_time":129724,"minecraft:deaths":1,"minecraft:sneak_time":24171,"minecraft:walk_under_water_one_cm":3192,"minecraft:jump":2314,"minecraft:walk_on_water_one_cm":6109,"minecraft:total_world_time":129724,"minecraft:interact_with_furnace":34,"tombstone:raider_killed":4,"minecraft:sleep_in_bed":1,"minecraft:time_since_rest":91402,"minecraft:damage_taken":1605,"minecraft:damage_dealt":1940,"minecraft:swim_one_cm":19119,"minecraft:fly_one_cm":517273,"minecraft:open_chest":18,"minecraft:crouch_one_cm":74048,"tombstone:undead_killed":6,"minecraft:use_cauldron":25,"minecraft:fall_one_cm":79820},"minecraft:broken":{"minecraft:stone_pickaxe":6},"minecraft:dropped":{"minecraft:wheat_seeds":3,"minecraft:potion":1,"minecraft:mud":1,"swem:oat_seeds":2,"swem:timothy_seeds":5},"minecraft:mined":{"minecraft:mossy_cobblestone":2,"minecraft:granite":4,"minecraft:ladder":4,"minecraft:acacia_log":57,"minecraft:grass_block":19,"beautify:oak_blinds":3,"minecraft:hay_block":5,"minecraft:smooth_stone":1,"minecraft:furnace":2,"minecraft:carrots":6,"minecraft:iron_ore":21,"minecraft:acacia_stairs":1,"minecraft:andesite":28,"minecraft:pumpkin":3,"minecraft:fletching_table":2,"minecraft:water_cauldron":1,"minecraft:dirt_path":7,"minecraft:stripped_oak_log":4,"ecologics:walnut_log":8,"minecraft:stone":783,"minecraft:glass_pane":2,"minecraft:crafting_table":5,"minecraft:torch":1,"minecraft:poppy":1,"ecologics:walnut_leaves":9,"minecraft:chest":1,"minecraft:tall_grass":11,"swem:star_worm_cobble":2,"minecraft:copper_ore":6,"minecraft:cobblestone":29,"minecraft:oak_planks":12,"minecraft:sugar_cane":4,"minecraft:diorite":17,"minecraft:wall_torch":2,"minecraft:cobblestone_wall":1,"minecraft:birch_log":14,"minecraft:grass":41,"minecraft:oak_log":86,"minecraft:coal_ore":25,"minecraft:sand":9,"minecraft:dirt":86,"minecraft:oak_leaves":68},"minecraft:crafted":{"minecraft:oak_planks":124,"minecraft:stone_shovel":1,"ecologics:walnut_planks":16,"minecraft:furnace":4,"minecraft:glass":9,"minecraft:ladder":6,"minecraft:stone_pickaxe":8,"minecraft:chest":5,"minecraft:wheat":45,"minecraft:cooked_beef":6,"minecraft:glass_bottle":3,"minecraft:oak_slab":24,"minecraft:crafting_table":4,"minecraft:wooden_pickaxe":1,"beautify:oak_blinds":7,"minecraft:acacia_stairs":8,"minecraft:stone_axe":1,"minecraft:bread":15,"minecraft:air":0,"minecraft:charcoal":19,"minecraft:stick":48,"minecraft:iron_ingot":2,"ecologics:walnut_door":3,"minecraft:stone_sword":1,"minecraft:acacia_planks":72,"minecraft:torch":92,"minecraft:shears":1}},"DataVersion":3465}