{"stats":{"minecraft:used":{"minecraft:beetroot":4,"minecraft:dark_prismarine":1,"rakerm:bloodhourrake_spawn_egg":1,"minecraft:bread":3,"minecraft:spruce_planks":20,"minecraft:wooden_pickaxe":18,"rakerm:rake_stalk_spawn_egg":1,"minecraft:rotten_flesh":4,"minecraft:dirt":1,"minecraft:cobblestone":1,"minecraft:crafting_table":1,"minecraft:carrot":5,"minecraft:yellow_bed":2,"minecraft:milk_bucket":2,"rakerm:trap_spawn_egg":1},"minecraft:killed_by":{"minecraft:skeleton":1},"minecraft:custom":{"minecraft:interact_with_smithing_table":2,"minecraft:time_since_rest":10224,"minecraft:sprint_one_cm":101297,"minecraft:damage_taken":410,"minecraft:walk_one_cm":27385,"minecraft:mob_kills":1,"minecraft:damage_dealt":30,"minecraft:interact_with_crafting_table":5,"minecraft:swim_one_cm":299,"minecraft:fly_one_cm":478838,"minecraft:open_chest":1,"minecraft:crouch_one_cm":8696,"minecraft:play_time":39359,"minecraft:deaths":1,"minecraft:sneak_time":3396,"minecraft:bell_ring":1,"minecraft:walk_under_water_one_cm":143,"minecraft:jump":1090,"minecraft:leave_game":1,"minecraft:walk_on_water_one_cm":2200,"minecraft:time_since_death":37345,"minecraft:sleep_in_bed":1,"minecraft:total_world_time":39359,"minecraft:fall_one_cm":34656},"minecraft:picked_up":{"minecraft:yellow_bed":2,"minecraft:carrot":4,"minecraft:spruce_log":20,"minecraft:dirt":9,"minecraft:rotten_flesh":4,"minecraft:beetroot":4,"minecraft:hay_block":24,"minecraft:oak_planks":1,"minecraft:cobblestone":15},"minecraft:mined":{"minecraft:hay_block":24,"minecraft:spruce_log":21,"minecraft:yellow_bed":2,"minecraft:grass":10,"minecraft:dirt_path":1,"minecraft:dirt":8,"minecraft:cobblestone":4,"minecraft:spruce_leaves":5,"minecraft:stone":5,"minecraft:oak_planks":1},"minecraft:killed":{"rakerm:trap":1},"minecraft:crafted":{"minecraft:crafting_table":1,"minecraft:spruce_planks":80,"minecraft:stick":8,"minecraft:wooden_pickaxe":1,"minecraft:stone_pickaxe":1,"minecraft:bread":72,"minecraft:wheat":216}},"DataVersion":3465}