{"stats":{"minecraft:dropped":{"hexerei:sage_seed":1,"minecraft:carrot":3},"minecraft:picked_up":{"minecraft:crafting_table":2,"minecraft:oak_stairs":8,"minecraft:oak_log":41,"minecraft:brick":4,"minecraft:yellow_bed":3,"minecraft:cobblestone_wall":2,"minecraft:cobblestone_stairs":1,"minecraft:dirt":14,"minecraft:apple":1,"minecraft:wheat_seeds":1,"minecraft:stripped_oak_wood":1,"minecraft:moss_block":2,"minecraft:oak_planks":2,"minecraft:oak_slab":10,"minecraft:stick":8,"minecraft:raw_iron":3,"minecraft:oak_door":1,"minecraft:oak_fence":9,"minecraft:torch":7,"minecraft:dandelion":1,"minecraft:carrot":3,"unearthed_journey:timeless_quaternary_lantern":1,"minecraft:mossy_cobblestone":3,"minecraft:leather_helmet":1,"hexerei:sage_seed":3,"minecraft:polished_granite_stairs":2,"minecraft:hay_block":50,"minecraft:oak_sapling":20,"minecraft:coal":2,"minecraft:cobblestone":31},"minecraft:crafted":{"minecraft:oak_door":3,"minecraft:oak_planks":28,"minecraft:crafting_table":1,"minecraft:wooden_pickaxe":1,"minecraft:stone_axe":1,"minecraft:bread":147,"minecraft:stick":4,"minecraft:stone_pickaxe":1,"minecraft:chest":1,"minecraft:wheat":441},"minecraft:custom":{"minecraft:mob_kills":1,"minecraft:interact_with_crafting_table":5,"vampirism:interact_with_research_table":1,"minecraft:open_barrel":1,"minecraft:time_since_death":41645,"minecraft:sleep_in_bed":2,"minecraft:climb_one_cm":2593,"minecraft:time_since_rest":18159,"minecraft:sprint_one_cm":165395,"minecraft:damage_taken":781,"minecraft:walk_one_cm":66047,"minecraft:drop":2,"vampirism:interact_with_totem":4,"minecraft:damage_dealt":442,"minecraft:swim_one_cm":3998,"minecraft:talked_to_villager":1,"minecraft:fly_one_cm":354827,"minecraft:open_chest":13,"minecraft:crouch_one_cm":12747,"minecraft:play_time":41645,"minecraft:sneak_time":3160,"minecraft:walk_under_water_one_cm":288,"minecraft:jump":1492,"minecraft:walk_on_water_one_cm":3602,"minecraft:total_world_time":41645,"minecraft:fall_one_cm":59000},"minecraft:mined":{"minecraft:oak_slab":10,"minecraft:mossy_cobblestone":3,"minecraft:oak_door":1,"hexerei:witch_hazel_leaves":3,"minecraft:cobblestone_stairs":1,"minecraft:dandelion":1,"minecraft:oak_fence":9,"minecraft:crafting_table":2,"minecraft:torch":1,"minecraft:grass_block":8,"minecraft:cobblestone":14,"minecraft:moss_block":2,"minecraft:oak_planks":2,"minecraft:wall_torch":1,"minecraft:hay_block":50,"minecraft:tall_seagrass":2,"unearthed_journey:black_walnut_leaves":1,"minecraft:cobblestone_wall":2,"minecraft:iron_ore":1,"minecraft:birch_leaves":2,"minecraft:stripped_oak_wood":1,"minecraft:pumpkin":2,"minecraft:yellow_bed":3,"minecraft:grass":26,"minecraft:oak_log":41,"minecraft:coal_ore":1,"minecraft:flowering_azalea_leaves":1,"minecraft:oak_stairs":8,"minecraft:dirt":6,"minecraft:stone":18,"minecraft:oak_leaves":2},"minecraft:killed":{"unearthed_journey:reem":1},"minecraft:used":{"minecraft:polished_granite_stairs":2,"minecraft:stone_pickaxe":32,"minecraft:oak_planks":2,"minecraft:chest":1,"minecraft:wooden_pickaxe":12,"minecraft:leather_chestplate":1,"vampirism:hunter_axe_enhanced":1,"minecraft:oak_door":2,"minecraft:mossy_cobblestone":2,"minecraft:dirt":4,"minecraft:spyglass":66,"minecraft:oak_slab":6,"minecraft:crafting_table":2,"minecraft:oak_log":10,"minecraft:bread":25,"minecraft:leather_helmet":1,"minecraft:stone_axe":52,"minecraft:cobblestone":19,"minecraft:hay_block":1,"minecraft:yellow_bed":2,"minecraft:dandelion":1}},"DataVersion":3465}