{"stats":{"minecraft:picked_up":{"minecraft:feather":2,"minecraft:chicken":2,"minecraft:acacia_log":3,"minecraft:wheat_seeds":1,"minecraft:dirt":10,"minecraft:cobblestone":12},"minecraft:used":{"minecraft:stone_sword":2,"minecraft:crafting_table":1,"minecraft:wooden_pickaxe":13},"minecraft:crafted":{"minecraft:stone_sword":1,"minecraft:acacia_planks":12,"minecraft:crafting_table":1,"minecraft:stick":8,"minecraft:stone_pickaxe":1,"minecraft:wooden_pickaxe":1},"minecraft:killed":{"minecraft:chicken":2},"minecraft:custom":{"minecraft:time_since_rest":5567,"minecraft:crouch_one_cm":2122,"minecraft:play_time":5567,"minecraft:sprint_one_cm":5649,"minecraft:damage_taken":30,"minecraft:walk_one_cm":2320,"minecraft:sneak_time":872,"minecraft:mob_kills":2,"minecraft:jump":92,"minecraft:damage_dealt":80,"minecraft:time_since_death":5567,"minecraft:total_world_time":5567,"minecraft:interact_with_crafting_table":4,"minecraft:fall_one_cm":3285,"minecraft:fly_one_cm":18919},"minecraft:mined":{"minecraft:grass":3,"minecraft:acacia_log":3,"minecraft:grass_block":3,"minecraft:dirt":7,"minecraft:stone":12}},"DataVersion":3465}