{"stats":{"minecraft:picked_up":{"minecraft:iron_chestplate":3,"minecraft:crafting_table":3,"minecraft:feather":4,"minecraft:chicken":4,"minecraft:salmon":2,"minecraft:leather":2,"minecraft:oak_log":3,"minecraft:dirt":18,"minecraft:iron_leggings":2,"minecraft:armor_stand":1,"minecraft:bone":1,"minecraft:bow":1,"minecraft:wheat_seeds":2,"comforts:sleeping_bag_white":1,"minecraft:beef":3,"minecraft:oak_boat":2,"minecraft:iron_boots":3,"minecraft:furnace":1,"hexerei:animal_fat":1,"minecraft:stick":4,"minecraft:oak_fence":1,"minecraft:acacia_log":9,"minecraft:porkchop":3,"sophisticatedbackpacks:iron_backpack":1,"minecraft:white_bed":2,"hexerei:sage_seed":1,"minecraft:arrow":2,"minecraft:iron_helmet":3,"minecraft:hay_block":11,"unearthed_journey:black_walnut_log":8,"minecraft:oak_sapling":2,"minecraft:mutton":4,"minecraft:white_wool":3,"minecraft:cobblestone":39},"minecraft:used":{"minecraft:cooked_mutton":4,"unearthed_journey:black_walnut_door":1,"minecraft:stone_sword":47,"minecraft:stone_pickaxe":28,"minecraft:wooden_pickaxe":13,"minecraft:cooked_salmon":2,"minecraft:cooked_chicken":4,"minecraft:dirt":1,"minecraft:crafting_table":3,"minecraft:white_bed":3,"minecraft:bread":1,"unearthed_journey:black_walnut_log":2,"minecraft:stone_axe":31,"minecraft:furnace":1,"minecraft:oak_boat":2},"minecraft:crafted":{"unearthed_journey:black_walnut_planks":24,"minecraft:oak_planks":12,"minecraft:crafting_table":1,"minecraft:wooden_pickaxe":1,"minecraft:cooked_chicken":4,"minecraft:furnace":1,"minecraft:cooked_salmon":2,"minecraft:stone_axe":1,"minecraft:cooked_mutton":4,"minecraft:air":0,"minecraft:oak_boat":1,"unearthed_journey:black_walnut_door":3,"minecraft:charcoal":5,"minecraft:stick":8,"minecraft:stone_pickaxe":1,"minecraft:stone_sword":1,"minecraft:white_bed":1,"minecraft:acacia_planks":12},"minecraft:dropped":{"hexerei:sage_seed":1,"minecraft:wheat_seeds":2,"minecraft:feather":4,"minecraft:leather":2,"minecraft:oak_sapling":2,"minecraft:armor_stand":1},"minecraft:killed":{"minecraft:pig":1,"minecraft:salmon":2,"minecraft:sheep":3,"minecraft:skeleton":2,"minecraft:zombie":1,"minecraft:chicken":4,"minecraft:cow":1},"minecraft:custom":{"minecraft:interact_with_furnace":18,"minecraft:mob_kills":14,"minecraft:interact_with_crafting_table":13,"minecraft:time_since_death":41567,"minecraft:sleep_in_bed":2,"minecraft:climb_one_cm":267,"minecraft:time_since_rest":4589,"minecraft:sprint_one_cm":95701,"minecraft:damage_taken":320,"minecraft:walk_one_cm":45096,"minecraft:drop":6,"vampirism:interact_with_totem":3,"minecraft:damage_dealt":1481,"minecraft:swim_one_cm":6892,"minecraft:fly_one_cm":273116,"minecraft:open_chest":4,"minecraft:crouch_one_cm":6392,"minecraft:play_time":41567,"tombstone:undead_killed":3,"minecraft:sneak_time":2327,"minecraft:walk_under_water_one_cm":7305,"minecraft:boat_one_cm":210213,"minecraft:jump":1137,"minecraft:walk_on_water_one_cm":5145,"minecraft:total_world_time":41567,"minecraft:fall_one_cm":38076},"minecraft:mined":{"minecraft:acacia_leaves":3,"minecraft:white_bed":2,"minecraft:crafting_table":3,"minecraft:acacia_log":9,"minecraft:grass_block":7,"unearthed_journey:black_walnut_log":8,"minecraft:tall_grass":4,"minecraft:spruce_leaves":1,"minecraft:large_fern":1,"minecraft:hay_block":11,"minecraft:tall_seagrass":1,"minecraft:furnace":1,"minecraft:birch_leaves":1,"minecraft:grass":31,"minecraft:oak_log":3,"minecraft:dirt":11,"minecraft:stone":39,"minecraft:oak_leaves":1,"hexerei:willow_leaves":3}},"DataVersion":3465}