{"stats":{"minecraft:killed_by":{"minecraft:player":1},"minecraft:dropped":{"hexerei:sage_seed":1,"minecraft:carrot":3,"tombstone:grave_key":1},"minecraft:picked_up":{"minecraft:crafting_table":6,"minecraft:iron_chestplate":1,"minecraft:oak_stairs":11,"minecraft:oak_log":86,"tombstone:grave_key":1,"minecraft:yellow_bed":3,"minecraft:brick":4,"minecraft:cobblestone_wall":2,"minecraft:cobblestone_stairs":1,"minecraft:dirt":98,"minecraft:iron_leggings":1,"minecraft:apple":3,"minecraft:wheat_seeds":3,"minecraft:smooth_stone":1,"boatload:large_oak_boat":2,"minecraft:stripped_oak_wood":1,"minecraft:moss_block":2,"unearthed_journey:repeater_bow":1,"minecraft:oak_planks":28,"minecraft:oak_slab":10,"minecraft:stick":16,"minecraft:raw_iron":4,"minecraft:oak_door":4,"vampirism:fire_place":1,"minecraft:oak_fence":10,"minecraft:torch":8,"minecraft:dandelion":2,"minecraft:gravel":3,"minecraft:carrot":3,"minecraft:white_bed":1,"minecraft:mossy_cobblestone":6,"unearthed_journey:timeless_quaternary_lantern":2,"minecraft:cauldron":4,"minecraft:leather_helmet":1,"hexerei:sage_seed":8,"minecraft:polished_granite_stairs":2,"minecraft:iron_helmet":1,"minecraft:hay_block":50,"minecraft:oak_sapling":51,"minecraft:coal":2,"minecraft:cobblestone":107},"minecraft:crafted":{"minecraft:oak_door":3,"minecraft:oak_planks":116,"minecraft:stone_shovel":1,"boatload:large_oak_boat":1,"minecraft:crafting_table":2,"minecraft:wooden_pickaxe":1,"minecraft:iron_sword":1,"minecraft:stone_axe":2,"minecraft:bread":147,"minecraft:oak_boat":2,"minecraft:iron_boots":1,"minecraft:shield":1,"minecraft:stick":8,"minecraft:stone_pickaxe":1,"minecraft:oak_stairs":4,"minecraft:chest":1,"minecraft:oak_fence":18,"minecraft:wheat":441},"minecraft:broken":{"minecraft:leather_helmet":1,"minecraft:stone_axe":1},"minecraft:custom":{"minecraft:mob_kills":2,"minecraft:interact_with_crafting_table":13,"vampirism:interact_with_research_table":1,"minecraft:open_barrel":1,"minecraft:leave_game":3,"minecraft:time_since_death":55159,"minecraft:climb_one_cm":8332,"minecraft:sleep_in_bed":5,"minecraft:time_since_rest":19274,"minecraft:sprint_one_cm":317025,"minecraft:damage_taken":2615,"minecraft:walk_one_cm":176596,"minecraft:drop":3,"vampirism:interact_with_totem":6,"minecraft:damage_dealt":1573,"minecraft:player_kills":2,"minecraft:swim_one_cm":19779,"minecraft:fly_one_cm":660756,"minecraft:talked_to_villager":1,"minecraft:open_chest":30,"minecraft:crouch_one_cm":33588,"minecraft:play_time":98575,"minecraft:deaths":1,"minecraft:sneak_time":8896,"minecraft:walk_under_water_one_cm":3593,"minecraft:boat_one_cm":102510,"minecraft:jump":3081,"minecraft:walk_on_water_one_cm":9829,"minecraft:total_world_time":98575,"minecraft:fall_one_cm":118097},"minecraft:mined":{"minecraft:oak_slab":10,"minecraft:oak_sapling":20,"minecraft:glass_pane":1,"minecraft:mossy_cobblestone":7,"minecraft:oak_door":3,"hexerei:witch_hazel_leaves":3,"minecraft:powder_snow":24,"minecraft:cobblestone_stairs":1,"minecraft:dandelion":2,"minecraft:oak_fence":10,"minecraft:crafting_table":6,"minecraft:torch":1,"minecraft:grass_block":27,"minecraft:cobblestone":35,"minecraft:moss_block":2,"minecraft:oak_planks":31,"minecraft:wall_torch":1,"minecraft:cauldron":2,"minecraft:hay_block":50,"minecraft:smooth_stone":1,"minecraft:tall_seagrass":2,"unearthed_journey:black_walnut_leaves":1,"minecraft:cobblestone_wall":2,"minecraft:iron_ore":2,"minecraft:birch_leaves":2,"minecraft:stripped_oak_wood":1,"minecraft:pumpkin":2,"minecraft:yellow_bed":3,"minecraft:grass":49,"minecraft:oak_log":87,"minecraft:coal_ore":1,"minecraft:water_cauldron":2,"minecraft:flowering_azalea_leaves":1,"minecraft:dirt_path":6,"vampirism:fire_place":1,"minecraft:oak_stairs":11,"minecraft:dirt":42,"minecraft:stone":73,"minecraft:oak_leaves":4},"minecraft:killed":{"unearthed_journey:reem":2},"minecraft:used":{"minecraft:oak_fence":17,"minecraft:polished_granite_stairs":2,"minecraft:stone_shovel":14,"minecraft:stone_pickaxe":120,"minecraft:oak_planks":53,"minecraft:chest":1,"minecraft:wooden_pickaxe":12,"minecraft:leather_chestplate":1,"minecraft:iron_sword":1,"minecraft:cauldron":4,"vampirism:hunter_axe_enhanced":1,"minecraft:oak_door":4,"minecraft:mossy_cobblestone":2,"minecraft:spyglass":87,"minecraft:dirt":88,"minecraft:oak_slab":10,"minecraft:crafting_table":7,"minecraft:white_bed":1,"minecraft:oak_log":58,"minecraft:oak_stairs":4,"minecraft:bread":65,"minecraft:leather_helmet":1,"minecraft:iron_boots":1,"minecraft:gravel":3,"minecraft:stone_axe":125,"minecraft:cobblestone":65,"minecraft:hay_block":1,"boatload:large_oak_boat":2,"minecraft:yellow_bed":3,"minecraft:dandelion":1}},"DataVersion":3465}