{"stats":{"minecraft:picked_up":{"minecraft:raw_iron":3,"minecraft:oak_slab":10,"minecraft:stick":8,"minecraft:crafting_table":1,"minecraft:oak_door":1,"minecraft:oak_fence":9,"minecraft:torch":7,"minecraft:dandelion":1,"minecraft:oak_stairs":8,"minecraft:leather_helmet":1,"minecraft:oak_log":41,"minecraft:cobblestone_wall":2,"minecraft:yellow_bed":2,"minecraft:cobblestone_stairs":1,"minecraft:mossy_cobblestone":3,"minecraft:dirt":10,"hexerei:sage_seed":2,"minecraft:apple":1,"minecraft:wheat_seeds":1,"minecraft:hay_block":50,"minecraft:stripped_oak_wood":1,"minecraft:moss_block":2,"minecraft:oak_sapling":20,"minecraft:coal":2,"minecraft:oak_planks":2,"minecraft:cobblestone":26},"minecraft:crafted":{"minecraft:oak_door":3,"minecraft:oak_planks":24,"minecraft:crafting_table":1,"minecraft:stick":4,"minecraft:wooden_pickaxe":1,"minecraft:stone_pickaxe":1,"minecraft:stone_axe":1,"minecraft:bread":147,"minecraft:wheat":441},"minecraft:mined":{"minecraft:hay_block":50,"minecraft:oak_slab":10,"unearthed_journey:black_walnut_leaves":1,"minecraft:cobblestone_wall":2,"minecraft:mossy_cobblestone":3,"minecraft:oak_door":1,"minecraft:iron_ore":1,"minecraft:cobblestone_stairs":1,"minecraft:crafting_table":1,"minecraft:stripped_oak_wood":1,"minecraft:dandelion":1,"minecraft:oak_fence":9,"minecraft:torch":1,"minecraft:yellow_bed":2,"minecraft:grass":22,"minecraft:coal_ore":1,"minecraft:grass_block":7,"minecraft:oak_log":41,"minecraft:flowering_azalea_leaves":1,"minecraft:oak_stairs":8,"minecraft:dirt":3,"minecraft:cobblestone":14,"minecraft:stone":12,"minecraft:oak_planks":2,"minecraft:moss_block":2,"minecraft:wall_torch":1},"minecraft:custom":{"minecraft:time_since_rest":7437,"minecraft:sprint_one_cm":49219,"minecraft:damage_taken":175,"minecraft:walk_one_cm":35092,"vampirism:interact_with_totem":4,"minecraft:talked_to_villager":1,"minecraft:interact_with_crafting_table":4,"minecraft:fly_one_cm":106036,"minecraft:open_chest":8,"minecraft:crouch_one_cm":9778,"minecraft:play_time":17645,"minecraft:sneak_time":2152,"minecraft:jump":425,"minecraft:time_since_death":17645,"minecraft:sleep_in_bed":1,"minecraft:total_world_time":17645,"minecraft:fall_one_cm":14919},"minecraft:used":{"minecraft:oak_log":10,"minecraft:bread":6,"minecraft:stone_pickaxe":22,"minecraft:oak_planks":2,"minecraft:leather_chestplate":1,"minecraft:leather_helmet":1,"minecraft:wooden_pickaxe":12,"minecraft:oak_door":2,"minecraft:stone_axe":44,"minecraft:mossy_cobblestone":2,"minecraft:cobblestone":9,"minecraft:hay_block":1,"minecraft:oak_slab":6,"minecraft:crafting_table":1,"minecraft:yellow_bed":1,"minecraft:dandelion":1}},"DataVersion":3465}