{"stats":{"minecraft:killed":{"minecraft:zombie":1,"minecraft:cow":2},"minecraft:crafted":{"minecraft:cooked_beef":3,"minecraft:glass_bottle":3,"minecraft:oak_planks":16,"minecraft:crafting_table":2,"minecraft:wooden_pickaxe":1,"ecologics:walnut_planks":16,"minecraft:furnace":4,"minecraft:stone_axe":1,"minecraft:air":0,"minecraft:glass":9,"minecraft:charcoal":19,"minecraft:stick":4,"minecraft:stone_pickaxe":1,"minecraft:stone_sword":1},"minecraft:dropped":{"swem:timothy_seeds":3,"minecraft:potion":1,"minecraft:mud":1},"minecraft:mined":{"minecraft:acacia_log":10,"minecraft:grass_block":5,"minecraft:poppy":1,"ecologics:walnut_leaves":9,"minecraft:tall_grass":7,"minecraft:oak_planks":3,"minecraft:sugar_cane":4,"minecraft:hay_block":5,"minecraft:cobblestone_wall":1,"minecraft:birch_log":14,"minecraft:iron_ore":2,"minecraft:pumpkin":3,"minecraft:fletching_table":1,"minecraft:grass":26,"minecraft:oak_log":52,"minecraft:sand":9,"minecraft:dirt":20,"ecologics:walnut_log":4,"minecraft:stone":46,"minecraft:oak_leaves":3},"minecraft:custom":{"minecraft:interact_with_furnace":23,"minecraft:mob_kills":3,"minecraft:interact_with_crafting_table":12,"minecraft:time_since_death":17210,"minecraft:sleep_in_bed":1,"minecraft:time_since_rest":15325,"minecraft:sprint_one_cm":139515,"minecraft:damage_taken":800,"minecraft:walk_one_cm":68353,"minecraft:drop":3,"minecraft:damage_dealt":400,"minecraft:swim_one_cm":19119,"minecraft:talked_to_villager":1,"minecraft:fly_one_cm":278572,"minecraft:open_chest":3,"minecraft:crouch_one_cm":8543,"minecraft:play_time":53647,"tombstone:undead_killed":1,"minecraft:deaths":1,"minecraft:sneak_time":2927,"minecraft:walk_under_water_one_cm":3192,"minecraft:jump":1323,"minecraft:walk_on_water_one_cm":6109,"minecraft:total_world_time":53647,"minecraft:use_cauldron":25,"minecraft:fall_one_cm":47867},"minecraft:picked_up":{"minecraft:birch_log":14,"minecraft:mud":2,"swem:timothy_seeds":7,"ecologics:walnut":10,"minecraft:leather":4,"alexsmobs:acacia_blossom":2,"minecraft:oak_log":51,"minecraft:cobblestone_wall":1,"minecraft:dirt":33,"minecraft:apple":6,"ecologics:walnut_sapling":7,"minecraft:wheat_seeds":8,"minecraft:beef":6,"minecraft:poppy":1,"minecraft:fletching_table":1,"swem:oat_seeds":2,"minecraft:sugar_cane":11,"minecraft:birch_sapling":3,"minecraft:oak_planks":3,"minecraft:acacia_sapling":1,"minecraft:stick":40,"minecraft:raw_iron":2,"minecraft:pumpkin":3,"ecologics:walnut_log":4,"minecraft:torch":1,"minecraft:acacia_log":10,"minecraft:sand":9,"minecraft:carrot":3,"minecraft:rotten_flesh":3,"minecraft:beetroot_seeds":1,"minecraft:hay_block":5,"swem:alfalfa_seeds":2,"minecraft:oak_sapling":30,"minecraft:cobblestone":46},"minecraft:used":{"minecraft:iron_ore":2,"minecraft:glass_bottle":44,"minecraft:stone_pickaxe":50,"minecraft:wooden_pickaxe":16,"minecraft:fletching_table":1,"minecraft:dirt":13,"minecraft:crafting_table":2,"minecraft:cobblestone_wall":1,"minecraft:carrot":4,"minecraft:oak_log":4,"minecraft:iron_hoe":18,"minecraft:apple":6,"minecraft:stone_axe":16,"minecraft:cobblestone":2,"minecraft:potion":37,"minecraft:furnace":4,"ecologics:walnut":10,"alexsmobs:animal_dictionary":1,"minecraft:cooked_beef":6,"minecraft:air":10}},"DataVersion":3465}