{"stats":{"minecraft:killed_by":{"minecraft:player":6,"minecraft:creeper":1,"unearthed_journey:reem":1,"raxiores:giganotosaurus":1},"minecraft:dropped":{"minecraft:golden_boots":1,"minecraft:bread":1,"hexerei:sage_seed":2,"minecraft:wheat_seeds":6,"minecraft:golden_helmet":1,"alexsmobs:animal_dictionary":1,"minecraft:cookie":2,"minecraft:apple":4,"minecraft:carrot":1,"minecraft:dirt":12,"minecraft:leather_chestplate":1,"tombstone:grave_key":2,"minecraft:golden_leggings":1,"minecraft:wooden_sword":1,"minecraft:pumpkin_pie":2},"minecraft:picked_up":{"minecraft:wheat":3,"minecraft:chicken":1,"vampirism:item_tent":2,"minecraft:flower_pot":1,"minecraft:oak_log":5,"tombstone:grave_key":2,"minecraft:gunpowder":2,"minecraft:dirt":24,"vampirism:human_heart":1,"minecraft:apple":2,"minecraft:wheat_seeds":9,"minecraft:stick":4,"vampirism:fire_place":1,"minecraft:cookie":1,"minecraft:carrot":3,"minecraft:cauldron":1,"minecraft:mossy_cobblestone":1,"hexerei:sage_seed":2,"minecraft:rotten_flesh":1,"minecraft:pumpkin_pie":1,"minecraft:bread":1,"minecraft:oak_sapling":6,"minecraft:mutton":2,"minecraft:white_wool":1},"minecraft:crafted":{"minecraft:wooden_sword":2,"minecraft:oak_planks":20,"minecraft:wooden_pickaxe":1,"minecraft:bread":1,"minecraft:bricks":1},"minecraft:mined":{"minecraft:carrots":3,"minecraft:wheat":3,"minecraft:birch_leaves":1,"vampirism:tent":2,"minecraft:grass":4,"minecraft:oak_log":5,"minecraft:water_cauldron":1,"vampirism:fire_place":1,"minecraft:flower_pot":1},"minecraft:custom":{"minecraft:interact_with_furnace":1,"minecraft:mob_kills":2,"minecraft:interact_with_crafting_table":13,"minecraft:open_barrel":1,"minecraft:damage_dealt_resisted":222,"minecraft:time_since_death":1359,"minecraft:time_since_rest":1118,"minecraft:sprint_one_cm":82204,"minecraft:walk_one_cm":50458,"minecraft:damage_taken":2589,"minecraft:drop":21,"vampirism:interact_with_totem":2,"minecraft:damage_dealt":1104,"minecraft:swim_one_cm":2405,"minecraft:talked_to_villager":3,"minecraft:fly_one_cm":185810,"minecraft:player_kills":1,"minecraft:open_chest":4,"minecraft:crouch_one_cm":98,"minecraft:play_time":21849,"minecraft:deaths":9,"minecraft:sneak_time":72,"minecraft:walk_under_water_one_cm":1574,"minecraft:jump":633,"minecraft:walk_on_water_one_cm":3327,"minecraft:total_world_time":21849,"minecraft:fall_one_cm":15953},"minecraft:killed":{"vampirism:hunter":1,"minecraft:sheep":1},"minecraft:used":{"minecraft:golden_boots":1,"minecraft:wheat_seeds":3,"minecraft:oak_planks":4,"minecraft:leather_chestplate":1,"minecraft:wooden_pickaxe":2,"minecraft:cauldron":1,"minecraft:rotten_flesh":1,"minecraft:oak_door":2,"minecraft:cookie":1,"minecraft:mossy_cobblestone":1,"minecraft:dirt":13,"minecraft:cobblestone_wall":2,"minecraft:carrot":8,"minecraft:flower_pot":1,"minecraft:packed_ice":5,"minecraft:bricks":1,"hexerei:sage_seed":1,"minecraft:golden_leggings":1,"minecraft:golden_helmet":1,"minecraft:wooden_sword":38,"minecraft:oak_sapling":26,"tombstone:gift":2,"alexsmobs:animal_dictionary":1}},"DataVersion":3465}