{"stats":{"minecraft:picked_up":{"minecraft:charcoal":11,"minecraft:crafting_table":5,"minecraft:wheat":3,"minecraft:chicken":1,"minecraft:flower_pot":1,"tombstone:grave_key":3,"minecraft:string":7,"minecraft:iron_leggings":1,"minecraft:cobbled_deepslate":7,"minecraft:birch_sapling":4,"unearthed_journey:repeater_bow":1,"minecraft:iron_boots":2,"minecraft:furnace":7,"minecraft:golden_helmet":2,"minecraft:stick":21,"minecraft:raw_iron":79,"minecraft:torch":4,"sophisticatedbackpacks:backpack":1,"minecraft:cookie":1,"tombstone:grave_dust":4,"vampirism:vampire_fang":1,"minecraft:carrot":15,"hexerei:witch_hazel_fence":1,"alexsmobs:centipede_leg":2,"minecraft:cauldron":1,"hexerei:candelabra":1,"vampirism:blood_bottle":2,"hexerei:sage_seed":6,"minecraft:arrow":8,"minecraft:rotten_flesh":18,"minecraft:pumpkin_pie":1,"minecraft:mutton":2,"minecraft:skeleton_skull":1,"vampirism:heart_seeker_enhanced":1,"minecraft:rail":2,"minecraft:white_wool":1,"minecraft:cobblestone":145,"minecraft:leather_chestplate":2,"minecraft:cooked_beef":1,"vampirism:item_tent":2,"minecraft:andesite":1,"minecraft:leather":1,"minecraft:golden_leggings":3,"minecraft:potato":5,"minecraft:birch_planks":44,"minecraft:oak_log":38,"minecraft:golden_boots":1,"minecraft:gunpowder":2,"minecraft:dirt":40,"vampirism:human_heart":2,"minecraft:bone":5,"minecraft:apple":5,"minecraft:kelp":1,"minecraft:wheat_seeds":11,"minecraft:raw_gold":1,"minecraft:oak_planks":24,"vampirism:fire_place":1,"minecraft:gravel":1,"alexsmobs:animal_dictionary":1,"minecraft:leather_helmet":1,"minecraft:spider_eye":2,"minecraft:mossy_cobblestone":1,"minecraft:bundle":1,"minecraft:bread":6,"minecraft:oak_sapling":30},"minecraft:crafted":{"minecraft:wooden_sword":2,"minecraft:oak_planks":88,"minecraft:cooked_mutton":3,"minecraft:iron_boots":1,"minecraft:iron_axe":1,"minecraft:stone_pickaxe":2,"minecraft:chest":1,"minecraft:bricks":1,"minecraft:cooked_beef":5,"sophisticatedbackpacks:backpack":1,"minecraft:cooked_porkchop":1,"minecraft:crafting_table":4,"minecraft:wooden_pickaxe":1,"minecraft:iron_helmet":1,"minecraft:iron_sword":2,"minecraft:bread":1,"minecraft:air":0,"minecraft:iron_chestplate":2,"minecraft:charcoal":13,"minecraft:shield":2,"minecraft:stick":8,"minecraft:iron_pickaxe":2,"minecraft:iron_ingot":54,"minecraft:stone_sword":2,"minecraft:iron_leggings":2},"minecraft:killed":{"vampirism:vampire":2,"vampirism:advanced_vampire":2,"minecraft:spider":2,"minecraft:skeleton":5,"vampirism:blinding_bat":1,"alexsmobs:centipede_head":1,"vampirism:hunter":4,"minecraft:sheep":1,"minecraft:zombie":10},"minecraft:used":{"minecraft:stone_sword":112,"minecraft:shield":3,"minecraft:iron_sword":32,"minecraft:rotten_flesh":15,"minecraft:oak_door":2,"minecraft:torch":5,"minecraft:dirt":24,"minecraft:cobblestone_wall":2,"minecraft:carrot":12,"vampirism:item_tent":2,"minecraft:packed_ice":5,"minecraft:bricks":1,"minecraft:birch_sapling":4,"minecraft:furnace":3,"minecraft:oak_sapling":26,"hexerei:witch_hazel_fence":1,"minecraft:gold_block":1,"tombstone:gift":2,"minecraft:cooked_beef":1,"minecraft:potato":6,"minecraft:cobbled_deepslate":7,"minecraft:golden_boots":2,"minecraft:wheat_seeds":3,"vampirism:fire_place":1,"minecraft:stone_pickaxe":204,"minecraft:oak_planks":8,"minecraft:leather_chestplate":1,"minecraft:wooden_pickaxe":21,"minecraft:cauldron":1,"minecraft:cookie":1,"minecraft:white_wool":1,"minecraft:mossy_cobblestone":1,"minecraft:rail":2,"minecraft:crafting_table":5,"minecraft:flower_pot":1,"hexerei:sage_seed":1,"minecraft:iron_pickaxe":7,"minecraft:leather_helmet":2,"minecraft:gravel":1,"minecraft:golden_leggings":2,"minecraft:golden_helmet":2,"minecraft:wooden_sword":65,"minecraft:cobblestone":108,"minecraft:cooked_porkchop":1,"alexsmobs:animal_dictionary":2},"minecraft:broken":{"minecraft:golden_boots":1,"minecraft:leather_chestplate":1,"minecraft:stone_pickaxe":1,"minecraft:wooden_sword":1},"minecraft:dropped":{"minecraft:golden_boots":1,"minecraft:bread":7,"minecraft:iron_sword":1,"minecraft:wheat_seeds":6,"minecraft:golden_helmet":2,"minecraft:cooked_beef":5,"vampirism:human_heart":2,"minecraft:crafting_table":1,"vampirism:hunter_axe_enhanced":1,"minecraft:cookie":2,"minecraft:iron_helmet":1,"minecraft:cobblestone":28,"minecraft:apple":10,"minecraft:leather_helmet":1,"minecraft:dirt":12,"minecraft:torch":7,"tombstone:grave_key":4,"minecraft:mutton":3,"unearthed_journey:repeater_bow":2,"minecraft:iron_leggings":3,"minecraft:pumpkin_pie":3,"minecraft:wooden_sword":1,"minecraft:iron_axe":1,"minecraft:iron_pickaxe":1,"vampirism:garlic_bread":6,"hexerei:candelabra":1,"alexsmobs:centipede_leg":2,"hexerei:sage_seed":2,"minecraft:stone_sword":2,"alexsmobs:animal_dictionary":1,"minecraft:raw_iron":4,"tombstone:gift":1,"minecraft:rotten_flesh":3,"minecraft:oak_planks":1,"minecraft:iron_boots":3,"sophisticatedbackpacks:backpack":2,"minecraft:cooked_mutton":3,"minecraft:carrot":9,"minecraft:leather_chestplate":2,"minecraft:shield":1,"minecraft:gunpowder":2,"minecraft:iron_chestplate":2,"minecraft:golden_leggings":2,"minecraft:spider_eye":2,"minecraft:wooden_pickaxe":1},"minecraft:killed_by":{"vampirism:advanced_vampire":1,"minecraft:player":16,"minecraft:creeper":3,"minecraft:spider":1,"unearthed_journey:reem":1,"alexsmobs:centipede_head":1,"minecraft:skeleton":2,"raxiores:giganotosaurus":1,"vampirism:vampire":1},"minecraft:mined":{"minecraft:white_bed":1,"hexerei:candelabra":1,"minecraft:grass_block":2,"minecraft:kelp":2,"minecraft:furnace":8,"minecraft:carrots":6,"minecraft:iron_ore":4,"minecraft:andesite":1,"vampirism:tent":2,"minecraft:dirt_path":2,"minecraft:potatoes":2,"minecraft:water_cauldron":1,"minecraft:deepslate_iron_ore":21,"minecraft:stone":150,"minecraft:crafting_table":5,"minecraft:cobblestone":10,"minecraft:oak_planks":1,"minecraft:wheat":3,"minecraft:birch_leaves":1,"minecraft:grass":7,"minecraft:oak_log":38,"vampirism:fire_place":1,"minecraft:flower_pot":1,"minecraft:gravel":1,"minecraft:dirt":9,"minecraft:cobweb":5,"minecraft:oak_leaves":1,"minecraft:deepslate":7},"minecraft:custom":{"minecraft:mob_kills":30,"minecraft:interact_with_crafting_table":50,"minecraft:open_barrel":1,"minecraft:damage_dealt_resisted":330,"minecraft:leave_game":4,"minecraft:time_since_death":8106,"minecraft:climb_one_cm":2872,"minecraft:sprint_one_cm":388474,"minecraft:walk_one_cm":248796,"minecraft:damage_blocked_by_shield":210,"vampirism:interact_with_totem":2,"minecraft:drop":109,"minecraft:talked_to_villager":3,"minecraft:play_time":117909,"minecraft:deaths":29,"minecraft:sneak_time":6352,"minecraft:walk_under_water_one_cm":6368,"minecraft:boat_one_cm":35874,"minecraft:jump":2537,"minecraft:walk_on_water_one_cm":16149,"minecraft:total_world_time":117909,"minecraft:interact_with_furnace":87,"minecraft:tune_noteblock":1,"minecraft:sleep_in_bed":2,"minecraft:time_since_rest":7899,"minecraft:damage_taken":8402,"minecraft:damage_dealt":8297,"minecraft:swim_one_cm":6595,"minecraft:fly_one_cm":609954,"minecraft:player_kills":2,"minecraft:open_chest":26,"minecraft:crouch_one_cm":11635,"tombstone:undead_killed":15,"minecraft:fall_one_cm":78388}},"DataVersion":3465}