{"stats":{"minecraft:killed_by":{"minecraft:player":10,"minecraft:creeper":1,"unearthed_journey:reem":1,"raxiores:giganotosaurus":1},"minecraft:dropped":{"minecraft:golden_boots":1,"minecraft:bread":2,"hexerei:sage_seed":2,"minecraft:wheat_seeds":6,"minecraft:golden_helmet":1,"vampirism:human_heart":1,"minecraft:stone_sword":1,"alexsmobs:animal_dictionary":1,"minecraft:crafting_table":1,"minecraft:cookie":2,"minecraft:cobblestone":28,"minecraft:apple":5,"minecraft:carrot":1,"minecraft:leather_helmet":1,"minecraft:dirt":12,"minecraft:leather_chestplate":1,"minecraft:torch":7,"tombstone:grave_key":2,"minecraft:mutton":2,"minecraft:golden_leggings":1,"unearthed_journey:repeater_bow":2,"minecraft:wooden_sword":1,"minecraft:pumpkin_pie":2,"vampirism:garlic_bread":5},"minecraft:picked_up":{"minecraft:crafting_table":1,"minecraft:wheat":3,"minecraft:chicken":1,"vampirism:item_tent":2,"minecraft:flower_pot":1,"minecraft:andesite":1,"minecraft:oak_log":5,"tombstone:grave_key":2,"minecraft:gunpowder":2,"minecraft:dirt":39,"vampirism:human_heart":1,"minecraft:apple":2,"minecraft:wheat_seeds":9,"unearthed_journey:repeater_bow":1,"minecraft:oak_planks":1,"minecraft:stick":4,"vampirism:fire_place":1,"minecraft:torch":4,"minecraft:gravel":1,"minecraft:cookie":1,"minecraft:carrot":3,"minecraft:mossy_cobblestone":1,"minecraft:cauldron":1,"hexerei:sage_seed":2,"minecraft:rotten_flesh":1,"minecraft:pumpkin_pie":1,"minecraft:bread":1,"minecraft:oak_sapling":6,"minecraft:mutton":2,"minecraft:white_wool":1,"minecraft:cobblestone":136},"minecraft:crafted":{"minecraft:wooden_sword":2,"minecraft:oak_planks":20,"minecraft:crafting_table":1,"minecraft:wooden_pickaxe":1,"minecraft:bread":1,"minecraft:stick":8,"minecraft:stone_pickaxe":2,"minecraft:stone_sword":1,"minecraft:bricks":1},"minecraft:broken":{"minecraft:stone_pickaxe":1},"minecraft:mined":{"minecraft:crafting_table":1,"minecraft:grass_block":2,"minecraft:carrots":3,"minecraft:wheat":3,"minecraft:andesite":1,"minecraft:birch_leaves":1,"vampirism:tent":2,"minecraft:grass":4,"minecraft:oak_log":5,"minecraft:water_cauldron":1,"minecraft:dirt_path":2,"vampirism:fire_place":1,"minecraft:gravel":1,"minecraft:flower_pot":1,"minecraft:dirt":9,"minecraft:stone":150},"minecraft:custom":{"minecraft:interact_with_furnace":1,"minecraft:mob_kills":2,"minecraft:interact_with_crafting_table":16,"minecraft:open_barrel":1,"minecraft:damage_dealt_resisted":222,"minecraft:leave_game":2,"minecraft:time_since_death":1531,"minecraft:time_since_rest":1,"minecraft:sprint_one_cm":102300,"minecraft:damage_taken":3737,"minecraft:walk_one_cm":73438,"minecraft:drop":44,"vampirism:interact_with_totem":2,"minecraft:damage_dealt":1149,"minecraft:player_kills":1,"minecraft:swim_one_cm":2405,"minecraft:talked_to_villager":3,"minecraft:fly_one_cm":198370,"minecraft:open_chest":5,"minecraft:crouch_one_cm":4776,"minecraft:play_time":33897,"minecraft:deaths":13,"minecraft:sneak_time":2999,"minecraft:walk_under_water_one_cm":2041,"minecraft:jump":729,"minecraft:walk_on_water_one_cm":6056,"minecraft:total_world_time":33897,"minecraft:fall_one_cm":20687},"minecraft:killed":{"vampirism:hunter":1,"minecraft:sheep":1},"minecraft:used":{"minecraft:golden_boots":1,"minecraft:wheat_seeds":3,"vampirism:fire_place":1,"minecraft:stone_pickaxe":140,"minecraft:oak_planks":4,"minecraft:wooden_pickaxe":15,"minecraft:leather_chestplate":1,"minecraft:cauldron":1,"minecraft:rotten_flesh":1,"minecraft:oak_door":2,"minecraft:cookie":1,"minecraft:torch":3,"minecraft:mossy_cobblestone":1,"minecraft:dirt":13,"minecraft:crafting_table":1,"minecraft:cobblestone_wall":2,"minecraft:carrot":8,"minecraft:packed_ice":5,"minecraft:flower_pot":1,"vampirism:item_tent":2,"minecraft:bricks":1,"hexerei:sage_seed":1,"minecraft:golden_leggings":1,"minecraft:golden_helmet":1,"minecraft:wooden_sword":39,"minecraft:cobblestone":7,"minecraft:oak_sapling":26,"tombstone:gift":2,"alexsmobs:animal_dictionary":1}},"DataVersion":3465}