{"stats":{"minecraft:used":{"minecraft:cooked_mutton":4,"minecraft:water_bucket":1,"minecraft:stone_sword":117,"minecraft:stone_pickaxe":37,"minecraft:wooden_pickaxe":12,"minecraft:iron_sword":31,"minecraft:iron_chestplate":1,"minecraft:cookie":11,"minecraft:sand":14,"minecraft:crafting_table":3,"minecraft:mushroom_stew":2,"minecraft:snowball":2,"minecraft:bread":14,"minecraft:iron_helmet":1,"minecraft:iron_boots":1,"minecraft:cobblestone":2,"minecraft:furnace":1,"minecraft:andesite":3,"minecraft:bucket":1,"comforts:sleeping_bag_white":1,"minecraft:cooked_beef":3,"minecraft:cobbled_deepslate":16,"minecraft:iron_leggings":1},"minecraft:custom":{"minecraft:interact_with_smithing_table":1,"minecraft:interact_with_furnace":13,"minecraft:mob_kills":11,"minecraft:interact_with_crafting_table":7,"minecraft:open_barrel":9,"minecraft:damage_dealt_resisted":20,"minecraft:eat_cake_slice":1,"minecraft:leave_game":1,"minecraft:time_since_death":73694,"minecraft:sleep_in_bed":1,"minecraft:climb_one_cm":2767,"minecraft:time_since_rest":70534,"minecraft:sprint_one_cm":219093,"minecraft:damage_taken":1158,"minecraft:walk_one_cm":182911,"minecraft:drop":9,"minecraft:damage_dealt":4704,"minecraft:swim_one_cm":16646,"minecraft:fly_one_cm":292434,"minecraft:player_kills":6,"minecraft:open_chest":8,"minecraft:crouch_one_cm":25817,"minecraft:play_time":73694,"tombstone:undead_killed":8,"minecraft:sneak_time":8610,"minecraft:walk_under_water_one_cm":7900,"minecraft:jump":1403,"minecraft:interact_with_blast_furnace":3,"minecraft:walk_on_water_one_cm":18363,"minecraft:total_world_time":73694,"minecraft:fall_one_cm":24144},"minecraft:picked_up":{"minecraft:iron_chestplate":1,"minecraft:crafting_table":3,"minecraft:cooked_beef":2,"minecraft:water_bucket":1,"minecraft:andesite":3,"minecraft:leather":2,"minecraft:potion":1,"minecraft:tuff":2,"tombstone:grave_key":1,"minecraft:shield":1,"minecraft:polished_deepslate_wall":1,"minecraft:dirt":2,"minecraft:string":2,"minecraft:moss_carpet":1,"minecraft:iron_leggings":1,"minecraft:cooked_mutton":1,"minecraft:light_blue_banner":1,"minecraft:cobbled_deepslate":16,"minecraft:spruce_planks":24,"comforts:sleeping_bag_white":2,"minecraft:beef":3,"minecraft:player_head":1,"minecraft:poppy":1,"minecraft:moss_block":1,"minecraft:flowering_azalea":3,"minecraft:iron_boots":2,"minecraft:furnace":1,"minecraft:stick":3,"minecraft:raw_iron":24,"minecraft:smooth_basalt":1,"minecraft:torch":8,"minecraft:gravel":2,"minecraft:porkchop":1,"minecraft:sand":14,"minecraft:spruce_sapling":3,"tombstone:grave_dust":1,"minecraft:spruce_log":7,"minecraft:stone_sword":1,"minecraft:rotten_flesh":13,"minecraft:soul_lantern":1,"minecraft:iron_helmet":1,"minecraft:bread":9,"minecraft:snowball":2,"minecraft:cobblestone":19},"minecraft:broken":{"minecraft:stone_sword":2},"minecraft:dropped":{"minecraft:tuff":1,"minecraft:rotten_flesh":5,"minecraft:iron_boots":1,"minecraft:stick":6,"minecraft:poppy":1,"minecraft:spruce_log":2,"minecraft:spruce_sapling":3},"minecraft:killed":{"minecraft:husk":3,"minecraft:pig":1,"vampirism:hunter":1,"minecraft:skeleton":2,"minecraft:zombie":2,"minecraft:drowned":1,"minecraft:cow":1},"minecraft:mined":{"minecraft:flowering_azalea":3,"minecraft:crafting_table":3,"minecraft:poppy":1,"minecraft:tall_grass":1,"minecraft:spruce_leaves":31,"minecraft:moss_block":1,"minecraft:light_blue_banner":1,"minecraft:iron_ore":12,"minecraft:spruce_log":8,"minecraft:andesite":3,"unusualprehistory:tar":4,"minecraft:deepslate_iron_ore":6,"minecraft:gravel":1,"minecraft:sand":11,"minecraft:cobweb":4,"minecraft:smooth_basalt":2,"minecraft:stone":12,"minecraft:player_head":1,"minecraft:deepslate":8},"minecraft:crafted":{"minecraft:cooked_beef":1,"minecraft:crafting_table":1,"minecraft:spruce_planks":20,"minecraft:wooden_pickaxe":1,"minecraft:iron_sword":1,"minecraft:cooked_mutton":4,"minecraft:air":0,"minecraft:shield":1,"minecraft:spruce_slab":6,"minecraft:stick":12,"minecraft:iron_ingot":1,"minecraft:stone_pickaxe":1,"minecraft:stone_sword":1}},"DataVersion":3465}