{"stats":{"minecraft:picked_up":{"minecraft:iron_chestplate":1,"minecraft:crafting_table":3,"minecraft:leather_chestplate":2,"minecraft:cooked_beef":4,"vampirism:item_tent":4,"minecraft:andesite":4,"minecraft:golden_leggings":1,"minecraft:tuff":2,"minecraft:oak_log":6,"tombstone:grave_key":1,"minecraft:golden_boots":1,"minecraft:shield":1,"minecraft:gunpowder":2,"minecraft:string":1,"minecraft:dirt":6,"minecraft:iron_axe":1,"tombstone:gift":1,"minecraft:wooden_sword":1,"minecraft:iron_leggings":1,"minecraft:cooked_mutton":8,"vampirism:human_heart":2,"minecraft:apple":10,"minecraft:wheat_seeds":9,"minecraft:cobbled_deepslate":11,"minecraft:raw_gold":4,"minecraft:iron_ingot":1,"vampirism:garlic_bread":6,"vampirism:hunter_axe_enhanced":1,"minecraft:iron_pickaxe":1,"minecraft:oak_planks":1,"unearthed_journey:repeater_bow":1,"minecraft:iron_sword":1,"minecraft:iron_boots":2,"minecraft:furnace":1,"minecraft:golden_helmet":3,"minecraft:stick":3,"minecraft:raw_iron":27,"minecraft:cooked_porkchop":6,"minecraft:torch":4,"sophisticatedbackpacks:backpack":2,"minecraft:cookie":1,"tombstone:grave_dust":1,"minecraft:carrot":5,"alexsmobs:centipede_leg":2,"minecraft:spider_eye":2,"minecraft:leather_helmet":1,"alexsmobs:animal_dictionary":1,"hexerei:candelabra":3,"minecraft:bundle":1,"hexerei:sage_seed":3,"minecraft:arrow":2,"minecraft:stone_sword":2,"minecraft:rotten_flesh":8,"minecraft:diamond":6,"minecraft:pumpkin_pie":2,"minecraft:iron_helmet":1,"minecraft:iron_block":2,"minecraft:granite":23,"minecraft:bread":7,"minecraft:oak_sapling":3,"minecraft:mutton":3,"minecraft:coal":1,"vampirism:heart_seeker_enhanced":1,"minecraft:cobblestone":143},"minecraft:crafted":{"minecraft:oak_planks":24,"minecraft:wooden_shovel":1,"minecraft:crafting_table":2,"minecraft:wooden_pickaxe":1,"minecraft:furnace":1,"minecraft:cooked_mutton":2,"minecraft:air":0,"minecraft:stick":12,"minecraft:iron_pickaxe":1,"minecraft:iron_ingot":13,"minecraft:stone_pickaxe":2,"minecraft:wooden_axe":1},"minecraft:killed":{"minecraft:cave_spider":1,"vampirism:blinding_bat":1,"minecraft:skeleton":2,"minecraft:zombie":3},"minecraft:used":{"minecraft:wheat_seeds":6,"minecraft:cooked_mutton":7,"minecraft:stone_sword":55,"minecraft:stone_pickaxe":146,"minecraft:wooden_pickaxe":2,"minecraft:iron_sword":56,"minecraft:wooden_shovel":13,"minecraft:rotten_flesh":1,"minecraft:cookie":1,"minecraft:torch":4,"minecraft:mutton":1,"minecraft:crafting_table":5,"minecraft:carrot":7,"minecraft:tuff":2,"minecraft:granite":23,"minecraft:wooden_axe":2,"sophisticatedbackpacks:backpack":1,"vampirism:item_tent":2,"minecraft:apple":13,"minecraft:bread":2,"minecraft:iron_pickaxe":36,"minecraft:wooden_sword":60,"minecraft:cobblestone":127,"minecraft:cooked_porkchop":2,"minecraft:oak_sapling":2,"minecraft:furnace":2,"tombstone:gift":1,"minecraft:pumpkin_pie":1,"alexsmobs:animal_dictionary":1,"minecraft:cooked_beef":4},"minecraft:broken":{"minecraft:stone_pickaxe":1,"minecraft:wooden_sword":1},"minecraft:dropped":{"minecraft:golden_boots":1,"hexerei:sage_seed":3,"minecraft:wheat_seeds":3,"minecraft:golden_helmet":3,"alexsmobs:animal_dictionary":1,"minecraft:raw_iron":18,"minecraft:rotten_flesh":7,"minecraft:leather":1,"minecraft:leather_helmet":1,"minecraft:leather_chestplate":2,"tombstone:grave_key":1,"minecraft:oak_sapling":1,"minecraft:andesite":4,"minecraft:golden_leggings":1,"minecraft:arrow":2},"minecraft:mined":{"minecraft:tuff":2,"minecraft:oak_sapling":1,"minecraft:deepslate_diamond_ore":6,"vampirism:tent_main":2,"minecraft:crafting_table":2,"minecraft:granite":23,"hexerei:candelabra":2,"minecraft:grass_block":4,"minecraft:cobblestone":8,"minecraft:spruce_leaves":2,"minecraft:deepslate_gold_ore":4,"minecraft:furnace":1,"minecraft:iron_ore":2,"minecraft:andesite":4,"vampirism:tent":2,"minecraft:coal_ore":1,"minecraft:grass":9,"minecraft:oak_log":6,"minecraft:deepslate_iron_ore":20,"minecraft:dirt_path":6,"minecraft:dirt":2,"minecraft:cobweb":1,"minecraft:stone":97,"sophisticatedbackpacks:backpack":1,"minecraft:oak_leaves":4,"minecraft:deepslate":13},"minecraft:custom":{"minecraft:interact_with_furnace":22,"minecraft:mob_kills":7,"minecraft:tune_noteblock":2,"minecraft:interact_with_crafting_table":8,"minecraft:open_barrel":1,"minecraft:damage_dealt_resisted":136,"minecraft:leave_game":3,"minecraft:time_since_death":52548,"minecraft:sleep_in_bed":1,"minecraft:climb_one_cm":3872,"minecraft:time_since_rest":12989,"minecraft:sprint_one_cm":247753,"minecraft:damage_taken":1609,"minecraft:walk_one_cm":213183,"minecraft:drop":20,"vampirism:interact_with_totem":1,"minecraft:damage_dealt":5852,"minecraft:swim_one_cm":2964,"minecraft:talked_to_villager":3,"minecraft:fly_one_cm":229416,"minecraft:player_kills":15,"minecraft:open_chest":11,"minecraft:deaths":1,"minecraft:crouch_one_cm":26208,"tombstone:undead_killed":5,"minecraft:play_time":107641,"minecraft:sneak_time":9311,"minecraft:walk_under_water_one_cm":777,"minecraft:boat_one_cm":38996,"minecraft:jump":1379,"minecraft:walk_on_water_one_cm":3499,"minecraft:total_world_time":107641,"minecraft:fall_one_cm":33866}},"DataVersion":3465}