{"stats":{"minecraft:picked_up":{"minecraft:crafting_table":1,"minecraft:golden_helmet":1,"minecraft:wooden_sword":1,"minecraft:stick":2,"minecraft:leather_chestplate":1,"minecraft:apple":4,"minecraft:golden_leggings":1,"minecraft:oak_log":6,"minecraft:golden_boots":1,"minecraft:oak_sapling":2,"alexsmobs:animal_dictionary":1},"minecraft:crafted":{"minecraft:oak_planks":24,"minecraft:stick":4,"minecraft:wooden_pickaxe":1,"minecraft:wooden_axe":1},"minecraft:mined":{"minecraft:oak_log":6,"minecraft:spruce_leaves":2,"minecraft:crafting_table":1},"minecraft:custom":{"minecraft:time_since_rest":4588,"minecraft:crouch_one_cm":461,"minecraft:play_time":4588,"minecraft:sprint_one_cm":12507,"minecraft:damage_taken":13,"minecraft:walk_one_cm":7896,"minecraft:sneak_time":246,"minecraft:jump":105,"minecraft:damage_dealt":238,"minecraft:time_since_death":4588,"minecraft:total_world_time":4588,"minecraft:interact_with_crafting_table":1,"minecraft:fall_one_cm":2775,"minecraft:fly_one_cm":27996,"minecraft:player_kills":1},"minecraft:used":{"minecraft:wooden_axe":1,"minecraft:apple":1,"minecraft:wooden_sword":4,"minecraft:oak_sapling":2}},"DataVersion":3465}