{"stats":{"minecraft:used":{"minecraft:cooked_mutton":4,"minecraft:water_bucket":1,"minecraft:stone_sword":37,"minecraft:stone_pickaxe":4,"minecraft:iron_helmet":1,"minecraft:wooden_pickaxe":12,"minecraft:iron_boots":1,"minecraft:iron_chestplate":1,"minecraft:cookie":9,"minecraft:crafting_table":2,"minecraft:bucket":1,"minecraft:andesite":3,"comforts:sleeping_bag_white":1,"minecraft:cobbled_deepslate":2,"minecraft:iron_leggings":1},"minecraft:custom":{"minecraft:time_since_rest":28534,"minecraft:interact_with_smithing_table":1,"minecraft:interact_with_furnace":4,"minecraft:sprint_one_cm":92566,"minecraft:damage_taken":245,"minecraft:walk_one_cm":52978,"minecraft:drop":3,"minecraft:damage_dealt":1184,"minecraft:interact_with_crafting_table":3,"minecraft:player_kills":4,"minecraft:swim_one_cm":1549,"minecraft:fly_one_cm":99302,"minecraft:open_barrel":4,"minecraft:open_chest":2,"minecraft:crouch_one_cm":12833,"minecraft:play_time":31694,"minecraft:sneak_time":3720,"minecraft:walk_under_water_one_cm":2867,"minecraft:jump":495,"minecraft:leave_game":1,"minecraft:time_since_death":31694,"minecraft:walk_on_water_one_cm":11452,"minecraft:sleep_in_bed":1,"minecraft:climb_one_cm":364,"minecraft:total_world_time":31694,"minecraft:fall_one_cm":10019},"minecraft:picked_up":{"minecraft:crafting_table":2,"minecraft:iron_chestplate":1,"minecraft:smooth_basalt":1,"minecraft:water_bucket":1,"minecraft:andesite":3,"tombstone:grave_key":1,"tombstone:grave_dust":1,"minecraft:spruce_log":7,"minecraft:string":2,"minecraft:moss_carpet":1,"minecraft:iron_leggings":1,"minecraft:cobbled_deepslate":2,"minecraft:iron_helmet":1,"comforts:sleeping_bag_white":2,"minecraft:spruce_planks":24,"minecraft:bread":7,"minecraft:moss_block":1,"minecraft:flowering_azalea":2,"minecraft:iron_boots":2,"minecraft:cobblestone":7},"minecraft:dropped":{"minecraft:iron_boots":1,"minecraft:spruce_log":2},"minecraft:crafted":{"minecraft:crafting_table":1,"minecraft:spruce_slab":6,"minecraft:spruce_planks":20,"minecraft:stick":8,"minecraft:wooden_pickaxe":1,"minecraft:stone_pickaxe":1,"minecraft:stone_sword":1,"minecraft:cooked_mutton":4,"minecraft:air":0},"minecraft:mined":{"minecraft:flowering_azalea":2,"minecraft:spruce_log":8,"minecraft:andesite":3,"unusualprehistory:tar":4,"minecraft:crafting_table":2,"minecraft:cobweb":4,"minecraft:smooth_basalt":2,"minecraft:spruce_leaves":5,"minecraft:stone":9,"minecraft:moss_block":1,"minecraft:deepslate":2}},"DataVersion":3465}