{"stats":{"minecraft:dropped":{"minecraft:wheat_seeds":1,"tombstone:grave_key":1},"minecraft:picked_up":{"minecraft:crafting_table":2,"minecraft:leather_chestplate":1,"vampirism:item_tent":2,"minecraft:andesite":4,"minecraft:golden_leggings":1,"minecraft:oak_log":6,"tombstone:grave_key":1,"minecraft:golden_boots":1,"minecraft:dirt":6,"minecraft:wooden_sword":1,"minecraft:cooked_mutton":5,"vampirism:human_heart":1,"minecraft:apple":5,"minecraft:wheat_seeds":8,"vampirism:garlic_bread":5,"unearthed_journey:repeater_bow":1,"minecraft:golden_helmet":1,"minecraft:stick":2,"minecraft:raw_iron":2,"minecraft:torch":4,"minecraft:cookie":1,"minecraft:carrot":1,"minecraft:leather_helmet":1,"alexsmobs:animal_dictionary":1,"hexerei:sage_seed":3,"minecraft:stone_sword":1,"minecraft:pumpkin_pie":1,"minecraft:granite":23,"minecraft:bread":2,"minecraft:oak_sapling":2,"minecraft:mutton":2,"minecraft:cobblestone":133},"minecraft:broken":{"minecraft:wooden_sword":1},"minecraft:crafted":{"minecraft:oak_planks":24,"minecraft:wooden_shovel":1,"minecraft:crafting_table":2,"minecraft:wooden_pickaxe":1,"minecraft:furnace":1,"minecraft:stick":8,"minecraft:stone_pickaxe":1,"minecraft:wooden_axe":1},"minecraft:mined":{"minecraft:oak_sapling":1,"vampirism:tent_main":1,"minecraft:crafting_table":1,"minecraft:granite":23,"minecraft:grass_block":4,"minecraft:spruce_leaves":2,"minecraft:iron_ore":2,"minecraft:andesite":4,"vampirism:tent":1,"minecraft:grass":5,"minecraft:oak_log":6,"minecraft:dirt_path":6,"minecraft:dirt":2,"minecraft:stone":97},"minecraft:custom":{"minecraft:interact_with_furnace":1,"minecraft:interact_with_crafting_table":5,"minecraft:leave_game":2,"minecraft:time_since_death":31907,"minecraft:time_since_rest":31907,"minecraft:sprint_one_cm":62734,"minecraft:damage_taken":284,"minecraft:walk_one_cm":42947,"minecraft:drop":2,"vampirism:interact_with_totem":1,"minecraft:damage_dealt":2123,"minecraft:talked_to_villager":3,"minecraft:fly_one_cm":77983,"minecraft:player_kills":10,"minecraft:open_chest":1,"minecraft:crouch_one_cm":13561,"minecraft:play_time":31907,"minecraft:sneak_time":5176,"minecraft:walk_under_water_one_cm":387,"minecraft:jump":388,"minecraft:walk_on_water_one_cm":2164,"minecraft:total_world_time":31907,"minecraft:fall_one_cm":9465},"minecraft:used":{"minecraft:wheat_seeds":6,"minecraft:cooked_mutton":3,"minecraft:stone_sword":5,"minecraft:stone_pickaxe":127,"minecraft:wooden_pickaxe":2,"minecraft:wooden_shovel":12,"minecraft:cookie":1,"minecraft:crafting_table":4,"minecraft:granite":23,"minecraft:wooden_axe":1,"minecraft:apple":4,"minecraft:wooden_sword":60,"minecraft:cobblestone":52,"minecraft:oak_sapling":2,"minecraft:furnace":1,"minecraft:pumpkin_pie":1,"alexsmobs:animal_dictionary":1}},"DataVersion":3465}