{"stats":{"minecraft:used":{"minecraft:cooked_mutton":4,"minecraft:water_bucket":1,"minecraft:stone_sword":45,"minecraft:stone_pickaxe":37,"minecraft:wooden_pickaxe":12,"minecraft:iron_chestplate":1,"minecraft:cookie":11,"minecraft:crafting_table":2,"minecraft:mushroom_stew":2,"minecraft:bread":3,"minecraft:iron_helmet":1,"minecraft:iron_boots":1,"minecraft:cobblestone":2,"minecraft:andesite":3,"minecraft:bucket":1,"comforts:sleeping_bag_white":1,"minecraft:cobbled_deepslate":16,"minecraft:iron_leggings":1},"minecraft:custom":{"minecraft:interact_with_smithing_table":1,"minecraft:interact_with_furnace":4,"minecraft:mob_kills":2,"minecraft:interact_with_crafting_table":3,"minecraft:open_barrel":4,"minecraft:leave_game":1,"minecraft:time_since_death":43694,"minecraft:sleep_in_bed":1,"minecraft:climb_one_cm":594,"minecraft:time_since_rest":40534,"minecraft:sprint_one_cm":126992,"minecraft:damage_taken":454,"minecraft:walk_one_cm":83564,"minecraft:drop":3,"minecraft:damage_dealt":1581,"minecraft:swim_one_cm":1549,"minecraft:fly_one_cm":131074,"minecraft:player_kills":5,"minecraft:open_chest":2,"minecraft:crouch_one_cm":20306,"minecraft:play_time":43694,"tombstone:undead_killed":2,"minecraft:sneak_time":6440,"minecraft:walk_under_water_one_cm":2867,"minecraft:jump":811,"minecraft:walk_on_water_one_cm":11452,"minecraft:total_world_time":43694,"minecraft:fall_one_cm":17020},"minecraft:picked_up":{"minecraft:iron_chestplate":1,"minecraft:crafting_table":2,"minecraft:water_bucket":1,"minecraft:andesite":3,"minecraft:tuff":1,"tombstone:grave_key":1,"minecraft:string":2,"minecraft:moss_carpet":1,"minecraft:iron_leggings":1,"minecraft:cobbled_deepslate":16,"minecraft:spruce_planks":24,"comforts:sleeping_bag_white":2,"minecraft:moss_block":1,"minecraft:flowering_azalea":2,"minecraft:iron_boots":2,"minecraft:raw_iron":24,"minecraft:smooth_basalt":1,"minecraft:gravel":2,"tombstone:grave_dust":1,"minecraft:spruce_log":7,"minecraft:rotten_flesh":2,"minecraft:iron_helmet":1,"minecraft:bread":7,"minecraft:cobblestone":19},"minecraft:killed":{"minecraft:skeleton":2},"minecraft:dropped":{"minecraft:iron_boots":1,"minecraft:spruce_log":2},"minecraft:crafted":{"minecraft:crafting_table":1,"minecraft:spruce_planks":20,"minecraft:wooden_pickaxe":1,"minecraft:cooked_mutton":4,"minecraft:air":0,"minecraft:spruce_slab":6,"minecraft:stick":8,"minecraft:stone_pickaxe":1,"minecraft:stone_sword":1},"minecraft:mined":{"minecraft:flowering_azalea":2,"minecraft:crafting_table":2,"minecraft:tall_grass":1,"minecraft:spruce_leaves":5,"minecraft:moss_block":1,"minecraft:iron_ore":12,"minecraft:spruce_log":8,"minecraft:andesite":3,"unusualprehistory:tar":4,"minecraft:deepslate_iron_ore":6,"minecraft:gravel":1,"minecraft:cobweb":4,"minecraft:smooth_basalt":2,"minecraft:stone":12,"minecraft:deepslate":8}},"DataVersion":3465}