{"stats":{"minecraft:dropped":{"minecraft:wheat_seeds":1,"tombstone:grave_key":1},"minecraft:picked_up":{"minecraft:golden_helmet":1,"minecraft:stick":2,"minecraft:crafting_table":1,"minecraft:leather_chestplate":1,"minecraft:golden_leggings":1,"minecraft:oak_log":6,"tombstone:grave_key":1,"minecraft:cookie":1,"minecraft:golden_boots":1,"minecraft:carrot":1,"minecraft:dirt":6,"alexsmobs:animal_dictionary":1,"minecraft:wooden_sword":1,"hexerei:sage_seed":2,"minecraft:cooked_mutton":5,"minecraft:apple":4,"minecraft:pumpkin_pie":1,"minecraft:wheat_seeds":7,"minecraft:bread":1,"minecraft:oak_sapling":2},"minecraft:crafted":{"minecraft:oak_planks":24,"minecraft:wooden_shovel":1,"minecraft:stick":4,"minecraft:wooden_pickaxe":1,"minecraft:wooden_axe":1},"minecraft:mined":{"minecraft:oak_sapling":1,"minecraft:crafting_table":1,"minecraft:grass":4,"minecraft:grass_block":4,"minecraft:oak_log":6,"minecraft:dirt_path":6,"minecraft:dirt":2,"minecraft:spruce_leaves":2},"minecraft:custom":{"minecraft:time_since_rest":16588,"minecraft:sprint_one_cm":48462,"minecraft:damage_taken":246,"minecraft:walk_one_cm":29912,"vampirism:interact_with_totem":1,"minecraft:drop":2,"minecraft:damage_dealt":1350,"minecraft:talked_to_villager":3,"minecraft:player_kills":5,"minecraft:interact_with_crafting_table":2,"minecraft:fly_one_cm":64325,"minecraft:open_chest":1,"minecraft:crouch_one_cm":3214,"minecraft:play_time":16588,"minecraft:sneak_time":861,"minecraft:jump":279,"minecraft:time_since_death":16588,"minecraft:total_world_time":16588,"minecraft:fall_one_cm":6924},"minecraft:used":{"minecraft:wheat_seeds":6,"minecraft:cooked_mutton":2,"minecraft:wooden_axe":1,"minecraft:apple":4,"minecraft:wooden_shovel":12,"minecraft:cookie":1,"minecraft:wooden_sword":41,"minecraft:crafting_table":1,"minecraft:oak_sapling":2,"minecraft:pumpkin_pie":1,"alexsmobs:animal_dictionary":1}},"DataVersion":3465}