{"stats":{"minecraft:picked_up":{"minecraft:iron_chestplate":1,"minecraft:crafting_table":2,"minecraft:smooth_basalt":1,"minecraft:water_bucket":1,"minecraft:andesite":3,"minecraft:spruce_log":7,"minecraft:moss_carpet":1,"minecraft:iron_leggings":1,"comforts:sleeping_bag_white":2,"minecraft:spruce_planks":24,"minecraft:iron_helmet":1,"minecraft:moss_block":1,"minecraft:flowering_azalea":2,"minecraft:iron_boots":2,"minecraft:cobblestone":7},"minecraft:crafted":{"minecraft:crafting_table":1,"minecraft:spruce_planks":20,"minecraft:spruce_slab":6,"minecraft:stick":8,"minecraft:wooden_pickaxe":1,"minecraft:stone_pickaxe":1,"minecraft:stone_sword":1,"minecraft:cooked_mutton":4,"minecraft:air":0},"minecraft:used":{"minecraft:cooked_mutton":4,"minecraft:water_bucket":1,"minecraft:stone_sword":15,"minecraft:stone_pickaxe":2,"minecraft:iron_helmet":1,"minecraft:wooden_pickaxe":12,"minecraft:iron_boots":1,"minecraft:iron_chestplate":1,"minecraft:crafting_table":2,"minecraft:bucket":1,"minecraft:andesite":3,"comforts:sleeping_bag_white":1,"minecraft:iron_leggings":1},"minecraft:dropped":{"minecraft:iron_boots":1,"minecraft:spruce_log":2},"minecraft:custom":{"minecraft:time_since_rest":19094,"minecraft:interact_with_smithing_table":1,"minecraft:interact_with_furnace":4,"minecraft:sprint_one_cm":60836,"minecraft:damage_taken":152,"minecraft:walk_one_cm":38864,"minecraft:drop":3,"minecraft:damage_dealt":542,"minecraft:swim_one_cm":1549,"minecraft:interact_with_crafting_table":3,"minecraft:fly_one_cm":93877,"minecraft:player_kills":3,"minecraft:open_barrel":4,"minecraft:open_chest":2,"minecraft:crouch_one_cm":12564,"minecraft:play_time":22254,"minecraft:sneak_time":3526,"minecraft:walk_under_water_one_cm":2867,"minecraft:jump":435,"minecraft:walk_on_water_one_cm":11452,"minecraft:time_since_death":22254,"minecraft:sleep_in_bed":1,"minecraft:total_world_time":22254,"minecraft:climb_one_cm":364,"minecraft:fall_one_cm":7959},"minecraft:mined":{"minecraft:flowering_azalea":2,"minecraft:spruce_log":8,"minecraft:andesite":3,"unusualprehistory:tar":4,"minecraft:crafting_table":2,"minecraft:smooth_basalt":2,"minecraft:spruce_leaves":5,"minecraft:stone":9,"minecraft:moss_block":1}},"DataVersion":3465}