{"stats":{"minecraft:picked_up":{"minecraft:mud":6,"minecraft:iron_chestplate":3,"minecraft:crafting_table":7,"minecraft:pink_wool":1,"minecraft:potion":1,"minecraft:string":16,"minecraft:cooked_salmon":2,"minecraft:iron_leggings":4,"minecraft:armor_stand":3,"minecraft:cobbled_deepslate":1,"comforts:sleeping_bag_white":4,"minecraft:beef":18,"minecraft:oak_boat":1,"minecraft:light_gray_wool":1,"minecraft:sugar_cane":6,"unearthed_journey:black_walnut_sapling":4,"minecraft:iron_boots":3,"minecraft:furnace":3,"minecraft:tipped_arrow":4,"unusualprehistory:tar_fossil_item":4,"minecraft:raw_iron":32,"minecraft:porkchop":8,"tombstone:grave_dust":7,"hexerei:sage_seed":2,"minecraft:tnt":4,"minecraft:arrow":21,"minecraft:rotten_flesh":5,"minecraft:cooked_cod":4,"minecraft:hay_block":9,"minecraft:gold_ingot":3,"unearthed_journey:black_walnut_log":8,"minecraft:mutton":23,"minecraft:cobblestone":26,"minecraft:white_wool":15,"minecraft:cooked_beef":9,"minecraft:black_bed":1,"minecraft:leather":8,"minecraft:oak_log":14,"minecraft:gunpowder":1,"minecraft:lapis_lazuli":7,"minecraft:dirt":19,"minecraft:bone":16,"minecraft:light_blue_banner":1,"minecraft:bow":1,"minecraft:wheat_seeds":3,"minecraft:heart_of_the_sea":1,"minecraft:iron_ingot":9,"unearthed_journey:black_walnut_planks":22,"minecraft:bamboo":16,"tombstone:scroll_of_frost_resistance":1,"minecraft:iron_sword":1,"hexerei:animal_fat":5,"minecraft:sweet_berries":11,"minecraft:sand":6,"minecraft:spruce_log":6,"minecraft:dark_oak_log":1,"minecraft:spider_eye":1,"minecraft:iron_helmet":3,"minecraft:gray_wool":2,"minecraft:emerald":6,"minecraft:coal":2},"minecraft:used":{"minecraft:stone_sword":12,"minecraft:stone_shovel":6,"minecraft:iron_sword":121,"minecraft:rotten_flesh":1,"minecraft:beef":2,"minecraft:furnace":2,"tombstone:gift":2,"comforts:sleeping_bag_white":3,"minecraft:cooked_beef":9,"minecraft:cooked_mutton":8,"minecraft:water_bucket":2,"minecraft:stone_pickaxe":88,"minecraft:oak_planks":21,"minecraft:wooden_pickaxe":34,"minecraft:sand":3,"minecraft:crafting_table":10,"minecraft:cod":5,"minecraft:black_bed":1,"minecraft:bread":3,"minecraft:melon_slice":3,"minecraft:stone_axe":80,"minecraft:cobblestone":2,"minecraft:cooked_porkchop":2,"minecraft:porkchop":2,"minecraft:bucket":3,"minecraft:oak_boat":1},"minecraft:crafted":{"minecraft:oak_planks":56,"minecraft:stone_shovel":1,"comforts:sleeping_bag_white":4,"minecraft:furnace":1,"minecraft:cooked_mutton":8,"minecraft:stone_pickaxe":1,"minecraft:chest":1,"sophisticatedbackpacks:iron_backpack":1,"unearthed_journey:black_walnut_planks":32,"sophisticatedbackpacks:backpack":1,"minecraft:cooked_porkchop":6,"minecraft:crafting_table":4,"minecraft:spruce_planks":24,"minecraft:wooden_pickaxe":1,"minecraft:bucket":1,"minecraft:stone_axe":1,"minecraft:air":0,"minecraft:oak_boat":1,"minecraft:stick":12,"minecraft:stone_sword":1},"minecraft:dropped":{"minecraft:water_bucket":1,"minecraft:wheat_seeds":3,"minecraft:tnt":4,"minecraft:iron_helmet":2,"minecraft:cobblestone":5,"unusualprehistory:tar_fossil_item":4,"unearthed_journey:black_walnut_planks":22,"minecraft:dirt":19,"minecraft:gray_wool":2,"minecraft:dark_oak_log":1,"minecraft:cooked_cod":4,"unearthed_journey:black_walnut_sapling":4,"minecraft:iron_leggings":2,"minecraft:sand":3,"minecraft:mud":6,"minecraft:armor_stand":3,"hexerei:animal_fat":5,"hexerei:sage_seed":2,"minecraft:stone_sword":1,"minecraft:rotten_flesh":4,"minecraft:light_gray_wool":1,"minecraft:oak_planks":1,"minecraft:iron_boots":2,"minecraft:carrot":2,"minecraft:filled_map":1,"minecraft:spruce_planks":10,"minecraft:iron_chestplate":2,"minecraft:pink_wool":1,"minecraft:spider_eye":1,"comforts:sleeping_bag_white":4},"minecraft:killed":{"graveyard:revenant":1,"minecraft:spider":2,"minecraft:skeleton":2,"minecraft:pig":4,"minecraft:creeper":2,"minecraft:sheep":12,"minecraft:zombie":3,"unusualprehistory:sludge":1,"minecraft:stray":12,"minecraft:cow":9},"minecraft:custom":{"minecraft:mob_kills":48,"minecraft:interact_with_crafting_table":14,"minecraft:open_barrel":14,"minecraft:leave_game":1,"minecraft:time_since_death":6089,"minecraft:climb_one_cm":5363,"minecraft:sprint_one_cm":301341,"minecraft:walk_one_cm":151886,"minecraft:drop":49,"minecraft:play_time":93858,"minecraft:deaths":1,"minecraft:sneak_time":3497,"minecraft:walk_under_water_one_cm":7800,"minecraft:boat_one_cm":220166,"minecraft:jump":2253,"minecraft:walk_on_water_one_cm":12043,"minecraft:total_world_time":93858,"minecraft:interact_with_furnace":30,"minecraft:sleep_in_bed":5,"minecraft:time_since_rest":5657,"minecraft:damage_taken":1366,"minecraft:damage_dealt":7378,"minecraft:swim_one_cm":26426,"minecraft:fly_one_cm":606006,"minecraft:player_kills":1,"minecraft:open_chest":22,"minecraft:crouch_one_cm":8142,"tombstone:undead_killed":18,"minecraft:fall_one_cm":67464},"minecraft:mined":{"minecraft:mossy_cobblestone":1,"minecraft:cobblestone_stairs":1,"minecraft:dark_oak_log":1,"minecraft:grass_block":8,"minecraft:hay_block":9,"minecraft:light_blue_wall_banner":1,"minecraft:furnace":2,"minecraft:iron_ore":34,"minecraft:deepslate_brick_stairs":1,"minecraft:packed_ice":1,"minecraft:spruce_wood":1,"minecraft:bamboo":2,"minecraft:stone":27,"minecraft:white_wool":6,"minecraft:oak_fence":1,"minecraft:crafting_table":7,"minecraft:chest":1,"unearthed_journey:black_walnut_log":12,"minecraft:tall_grass":6,"minecraft:cobblestone":1,"minecraft:lapis_ore":1,"minecraft:sugar_cane":1,"unearthed_journey:black_walnut_leaves":6,"minecraft:mud":6,"minecraft:sweet_berry_bush":5,"minecraft:ice":1,"minecraft:black_bed":1,"unusualprehistory:tar":23,"minecraft:grass":17,"minecraft:coal_ore":3,"minecraft:oak_log":3,"minecraft:sand":6,"minecraft:dirt":12,"minecraft:cobweb":15,"minecraft:deepslate":3,"minecraft:fern":1}},"DataVersion":3465}