{"stats":{"minecraft:killed_by":{"realmrpg_demons:chort":1,"doppelgangermod:dp_cow":1,"rakerm:rake":1,"goat_man:goat_man":1,"doppelgangermod:dpchicken":2},"minecraft:custom":{"minecraft:time_since_rest":1,"minecraft:crouch_one_cm":389,"minecraft:sprint_one_cm":27186,"minecraft:play_time":25070,"minecraft:deaths":7,"minecraft:damage_taken":1790,"minecraft:walk_one_cm":11442,"minecraft:sneak_time":142,"minecraft:walk_under_water_one_cm":18064,"minecraft:jump":282,"minecraft:damage_dealt":76,"minecraft:leave_game":4,"minecraft:walk_on_water_one_cm":20856,"minecraft:time_since_death":679,"minecraft:total_world_time":25070,"minecraft:swim_one_cm":15662,"minecraft:fall_one_cm":2635,"minecraft:fly_one_cm":89110},"minecraft:mined":{"minecraft:kelp_plant":3,"minecraft:kelp":3,"minecraft:oak_leaves":1},"minecraft:picked_up":{"minecraft:kelp":3}},"DataVersion":3465}