{"stats":{"minecraft:dropped":{"hexerei:animal_fat":3,"hexerei:sage_seed":1,"minecraft:wheat_seeds":3,"minecraft:oak_fence":1,"minecraft:spruce_fence":1,"minecraft:leather_helmet":1,"minecraft:item_frame":1,"minecraft:cobweb":2,"minecraft:dirt":12,"minecraft:wooden_pickaxe":1},"minecraft:picked_up":{"minecraft:crafting_table":3,"minecraft:chicken":1,"minecraft:leather":1,"minecraft:oak_log":16,"minecraft:dirt":12,"minecraft:item_frame":1,"minecraft:wheat_seeds":4,"minecraft:beef":4,"unearthed_journey:repeater_bow":1,"minecraft:egg":1,"hexerei:animal_fat":3,"minecraft:stick":4,"minecraft:raw_iron":1,"minecraft:pumpkin":6,"minecraft:oak_fence":1,"minecraft:spruce_fence":1,"minecraft:porkchop":9,"minecraft:white_bed":2,"hexerei:sage_seed":2,"minecraft:hay_block":7,"minecraft:oak_sapling":11,"minecraft:mutton":5,"minecraft:coal":2,"minecraft:cobblestone":38,"minecraft:white_wool":4},"minecraft:crafted":{"minecraft:oak_planks":64,"minecraft:crafting_table":1,"minecraft:wooden_pickaxe":1,"minecraft:furnace":1,"minecraft:stone_axe":1,"minecraft:cooked_mutton":7,"minecraft:bread":21,"minecraft:air":0,"minecraft:stick":8,"minecraft:stone_pickaxe":1,"minecraft:stone_sword":1,"minecraft:white_bed":1,"minecraft:wheat":63},"minecraft:mined":{"minecraft:white_bed":2,"minecraft:oak_fence":1,"minecraft:crafting_table":3,"minecraft:grass_block":5,"minecraft:spruce_fence":1,"minecraft:decorated_pot":1,"minecraft:hay_block":7,"minecraft:iron_ore":3,"minecraft:pumpkin":4,"minecraft:grass":7,"minecraft:oak_log":16,"minecraft:coal_ore":3,"minecraft:dirt":7,"minecraft:stone":38,"minecraft:polished_granite_stairs":2},"minecraft:custom":{"minecraft:interact_with_furnace":6,"minecraft:mob_kills":12,"minecraft:interact_with_crafting_table":6,"minecraft:open_barrel":2,"minecraft:leave_game":1,"minecraft:time_since_death":33276,"minecraft:sleep_in_bed":2,"minecraft:climb_one_cm":1881,"minecraft:time_since_rest":13592,"minecraft:sprint_one_cm":135908,"minecraft:damage_taken":554,"minecraft:walk_one_cm":53782,"minecraft:drop":13,"minecraft:damage_dealt":1559,"minecraft:swim_one_cm":4433,"minecraft:fly_one_cm":222162,"minecraft:open_chest":9,"minecraft:crouch_one_cm":4707,"minecraft:play_time":33276,"tombstone:undead_killed":1,"minecraft:sneak_time":1218,"minecraft:walk_under_water_one_cm":828,"minecraft:jump":878,"minecraft:walk_on_water_one_cm":4868,"minecraft:total_world_time":33276,"minecraft:fall_one_cm":28948},"minecraft:killed":{"minecraft:pig":4,"minecraft:skeleton":1,"minecraft:sheep":4,"minecraft:enderman":1,"minecraft:cow":2},"minecraft:used":{"minecraft:cooked_mutton":2,"minecraft:stone_sword":9,"minecraft:stone_pickaxe":26,"minecraft:oak_planks":6,"minecraft:wooden_pickaxe":13,"minecraft:cookie":2,"minecraft:crafting_table":4,"minecraft:carrot":8,"minecraft:white_bed":2,"minecraft:apple":6,"minecraft:bread":5,"minecraft:iron_pickaxe":17,"minecraft:stone_axe":29,"minecraft:furnace":1,"minecraft:egg":1,"minecraft:pumpkin":3}},"DataVersion":3465}