{"stats":{"minecraft:dropped":{"hexerei:sage_seed":1,"minecraft:wheat_seeds":1,"minecraft:oak_fence":1,"minecraft:wooden_pickaxe":1,"minecraft:spruce_fence":1,"minecraft:leather_helmet":1},"minecraft:picked_up":{"hexerei:animal_fat":2,"minecraft:raw_iron":1,"minecraft:stick":4,"minecraft:crafting_table":2,"minecraft:chicken":1,"minecraft:pumpkin":3,"minecraft:oak_fence":1,"minecraft:leather":1,"minecraft:spruce_fence":1,"minecraft:porkchop":7,"minecraft:oak_log":16,"hexerei:sage_seed":1,"minecraft:item_frame":1,"minecraft:wheat_seeds":2,"minecraft:hay_block":7,"minecraft:beef":4,"minecraft:oak_sapling":11,"minecraft:coal":1,"minecraft:mutton":3,"minecraft:white_wool":2,"minecraft:cobblestone":33,"minecraft:egg":1},"minecraft:crafted":{"minecraft:oak_planks":64,"minecraft:crafting_table":1,"minecraft:stick":4,"minecraft:wooden_pickaxe":1,"minecraft:stone_pickaxe":1,"minecraft:stone_axe":1,"minecraft:bread":21,"minecraft:wheat":63},"minecraft:mined":{"minecraft:hay_block":7,"minecraft:iron_ore":3,"minecraft:pumpkin":3,"minecraft:oak_fence":1,"minecraft:crafting_table":2,"minecraft:coal_ore":2,"minecraft:grass":7,"minecraft:spruce_fence":1,"minecraft:oak_log":16,"minecraft:stone":33},"minecraft:custom":{"minecraft:time_since_rest":7437,"minecraft:interact_with_furnace":1,"minecraft:sprint_one_cm":46104,"minecraft:damage_taken":305,"minecraft:walk_one_cm":15011,"minecraft:mob_kills":7,"minecraft:drop":6,"minecraft:damage_dealt":660,"minecraft:interact_with_crafting_table":2,"minecraft:fly_one_cm":79268,"minecraft:open_barrel":2,"minecraft:open_chest":4,"minecraft:crouch_one_cm":3937,"minecraft:play_time":13843,"minecraft:sneak_time":987,"minecraft:jump":317,"minecraft:time_since_death":13843,"minecraft:sleep_in_bed":1,"minecraft:total_world_time":13843,"minecraft:fall_one_cm":11789},"minecraft:used":{"minecraft:apple":3,"minecraft:stone_pickaxe":26,"minecraft:bread":5,"minecraft:oak_planks":6,"minecraft:wooden_pickaxe":13,"minecraft:cookie":2,"minecraft:stone_axe":20,"minecraft:crafting_table":2,"minecraft:egg":1},"minecraft:killed":{"minecraft:sheep":2,"minecraft:pig":3,"minecraft:cow":2}},"DataVersion":3465}