{"stats":{"minecraft:killed":{"minecraft:pig":6,"minecraft:sheep":4,"minecraft:chicken":2,"minecraft:cow":1},"minecraft:crafted":{"minecraft:oak_planks":44,"minecraft:stone_shovel":1,"minecraft:cooked_porkchop":5,"minecraft:crafting_table":2,"minecraft:jungle_boat":1,"minecraft:wooden_pickaxe":1,"minecraft:cooked_chicken":1,"minecraft:furnace":1,"minecraft:stone_axe":1,"minecraft:air":0,"minecraft:jungle_planks":12,"minecraft:oak_boat":1,"minecraft:stick":8,"minecraft:stone_pickaxe":1,"minecraft:white_bed":1},"minecraft:picked_up":{"minecraft:birch_log":14,"minecraft:cocoa_beans":6,"minecraft:crafting_table":3,"minecraft:feather":1,"minecraft:chicken":2,"minecraft:jungle_log":20,"minecraft:leather":2,"minecraft:oak_log":21,"minecraft:dirt":15,"minecraft:apple":2,"minecraft:wheat_seeds":1,"minecraft:beef":4,"minecraft:cooked_chicken":1,"minecraft:oak_boat":2,"minecraft:jungle_sapling":3,"minecraft:bamboo":13,"minecraft:melon_slice":37,"minecraft:sugar_cane":8,"minecraft:birch_sapling":5,"minecraft:oak_planks":60,"minecraft:furnace":3,"hexerei:animal_fat":11,"minecraft:stick":13,"minecraft:cooked_porkchop":3,"minecraft:porkchop":21,"minecraft:sand":37,"vampirism:vampire_fang":1,"minecraft:white_bed":2,"hexerei:sage_seed":1,"minecraft:cactus":1,"vampirism:oil_bottle":1,"minecraft:oak_sapling":14,"minecraft:mutton":7,"minecraft:white_wool":4,"minecraft:cobblestone":16},"minecraft:used":{"minecraft:stone_shovel":37,"minecraft:stone_pickaxe":4,"minecraft:wooden_pickaxe":27,"minecraft:cooked_chicken":2,"minecraft:dirt":2,"minecraft:crafting_table":4,"minecraft:white_bed":2,"minecraft:oak_log":3,"minecraft:stone_axe":40,"minecraft:furnace":3,"minecraft:cooked_porkchop":6,"minecraft:oak_boat":2},"minecraft:mined":{"minecraft:white_bed":2,"minecraft:crafting_table":3,"minecraft:grass_block":7,"minecraft:melon":7,"minecraft:jungle_log":20,"minecraft:dead_bush":2,"minecraft:sugar_cane":7,"minecraft:cactus":1,"minecraft:furnace":3,"minecraft:birch_log":14,"minecraft:grass":6,"minecraft:oak_log":21,"minecraft:vine":1,"minecraft:sand":37,"minecraft:dirt":8,"minecraft:bamboo":13,"minecraft:stone":16,"minecraft:oak_leaves":1,"minecraft:fern":3},"minecraft:custom":{"minecraft:interact_with_furnace":10,"minecraft:mob_kills":13,"minecraft:interact_with_crafting_table":11,"vampirism:interact_with_garlic_diffuser":1,"minecraft:open_barrel":5,"minecraft:leave_game":3,"minecraft:time_since_death":48076,"minecraft:sleep_in_bed":3,"minecraft:climb_one_cm":3318,"vampirism:interact_alchemical_cauldron":4,"minecraft:time_since_rest":11498,"minecraft:sprint_one_cm":170326,"minecraft:damage_taken":240,"minecraft:walk_one_cm":48837,"minecraft:drop":6,"minecraft:damage_dealt":1100,"minecraft:swim_one_cm":33546,"minecraft:fly_one_cm":440645,"minecraft:open_chest":34,"minecraft:crouch_one_cm":2526,"minecraft:play_time":48076,"minecraft:sneak_time":638,"minecraft:walk_under_water_one_cm":1786,"minecraft:boat_one_cm":144000,"minecraft:jump":1543,"minecraft:interact_with_brewingstand":1,"minecraft:walk_on_water_one_cm":8132,"minecraft:total_world_time":48076,"minecraft:fall_one_cm":54581},"minecraft:dropped":{"hexerei:animal_fat":5,"hexerei:sage_seed":1,"minecraft:wheat_seeds":1,"minecraft:cocoa_beans":3,"minecraft:apple":1,"minecraft:dirt":13}},"DataVersion":3465}