{"stats":{"minecraft:used":{"minecraft:spruce_boat":2,"minecraft:wooden_axe":20,"minecraft:rose_bush":1,"minecraft:apple":3,"minecraft:stone_shovel":2,"minecraft:bread":2,"minecraft:stone_pickaxe":3,"minecraft:wooden_pickaxe":59,"minecraft:stone_axe":1,"minecraft:dirt":6,"minecraft:crafting_table":3,"minecraft:furnace":1,"minecraft:egg":1,"minecraft:carrot":6,"minecraft:pumpkin_pie":6,"alexsmobs:animal_dictionary":4},"minecraft:killed_by":{"alexsmobs:tusklin":2},"minecraft:broken":{"minecraft:wooden_pickaxe":1},"minecraft:custom":{"minecraft:time_since_rest":10219,"minecraft:interact_with_furnace":2,"minecraft:sprint_one_cm":115327,"minecraft:damage_taken":1055,"minecraft:walk_one_cm":44369,"minecraft:mob_kills":6,"minecraft:drop":6,"minecraft:damage_dealt":1011,"minecraft:swim_one_cm":826,"minecraft:interact_with_crafting_table":7,"minecraft:damage_dealt_absorbed":73,"minecraft:fly_one_cm":280293,"minecraft:open_barrel":3,"minecraft:open_chest":4,"minecraft:crouch_one_cm":5331,"minecraft:play_time":48674,"minecraft:walk_under_water_one_cm":26,"tombstone:undead_killed":1,"minecraft:deaths":2,"minecraft:sneak_time":2807,"minecraft:jump":904,"minecraft:leave_game":1,"minecraft:interact_with_blast_furnace":2,"minecraft:walk_on_water_one_cm":2000,"minecraft:time_since_death":38276,"minecraft:sleep_in_bed":3,"minecraft:total_world_time":48674,"minecraft:fall_one_cm":31743},"minecraft:picked_up":{"hexerei:animal_fat":2,"minecraft:crafting_table":3,"sophisticatedbackpacks:backpack":1,"minecraft:potion":2,"minecraft:carrot":5,"minecraft:spruce_log":8,"minecraft:dirt":23,"minecraft:leather_helmet":1,"minecraft:beetroot":4,"minecraft:rotten_flesh":5,"minecraft:spruce_boat":2,"minecraft:rose_bush":1,"minecraft:bread":1,"minecraft:mutton":6,"minecraft:egg":1,"minecraft:white_wool":4,"minecraft:cobblestone":54,"minecraft:furnace":1},"minecraft:mined":{"minecraft:furnace":1,"minecraft:spruce_log":8,"minecraft:crafting_table":3,"minecraft:grass":1,"minecraft:grass_block":7,"minecraft:rose_bush":1,"minecraft:dirt":16,"minecraft:stone":60},"minecraft:crafted":{"minecraft:wooden_shovel":1,"minecraft:stone_shovel":1,"minecraft:crafting_table":1,"minecraft:spruce_planks":32,"minecraft:stick":12,"minecraft:stone_pickaxe":1,"minecraft:wooden_pickaxe":1,"minecraft:wooden_axe":1,"minecraft:furnace":1,"minecraft:spruce_boat":1,"minecraft:stone":1,"minecraft:stone_axe":1,"minecraft:air":0,"minecraft:bread":2},"minecraft:killed":{"minecraft:sheep":4,"minecraft:zombie":1,"alexsmobs:snow_leopard":1},"minecraft:dropped":{"minecraft:bread":1,"minecraft:beetroot":8,"minecraft:rotten_flesh":2,"minecraft:carrot":9}},"DataVersion":3465}