{"stats":{"minecraft:picked_up":{"minecraft:crafting_table":4,"minecraft:iron_chestplate":3,"minecraft:cooked_beef":9,"minecraft:black_bed":1,"minecraft:leather":8,"minecraft:pink_wool":1,"minecraft:potion":1,"minecraft:oak_log":14,"minecraft:string":16,"minecraft:dirt":13,"minecraft:cooked_salmon":2,"minecraft:iron_leggings":4,"minecraft:armor_stand":3,"minecraft:bone":16,"minecraft:light_blue_banner":1,"minecraft:bow":1,"minecraft:wheat_seeds":3,"comforts:sleeping_bag_white":3,"minecraft:heart_of_the_sea":1,"minecraft:iron_ingot":9,"minecraft:beef":18,"minecraft:oak_boat":1,"unearthed_journey:black_walnut_planks":22,"minecraft:light_gray_wool":1,"minecraft:bamboo":16,"tombstone:scroll_of_frost_resistance":1,"unearthed_journey:black_walnut_sapling":4,"minecraft:iron_sword":1,"minecraft:iron_boots":3,"minecraft:furnace":1,"hexerei:animal_fat":5,"minecraft:tipped_arrow":4,"minecraft:raw_iron":4,"minecraft:porkchop":8,"minecraft:sand":6,"tombstone:grave_dust":7,"minecraft:dark_oak_log":1,"minecraft:tnt":4,"hexerei:sage_seed":2,"minecraft:arrow":21,"minecraft:rotten_flesh":1,"minecraft:cooked_cod":4,"minecraft:hay_block":9,"minecraft:iron_helmet":3,"minecraft:gray_wool":2,"minecraft:emerald":6,"minecraft:gold_ingot":3,"unearthed_journey:black_walnut_log":8,"minecraft:mutton":14,"minecraft:coal":2,"minecraft:white_wool":12,"minecraft:cobblestone":17},"minecraft:used":{"minecraft:water_bucket":1,"minecraft:stone_sword":12,"minecraft:stone_pickaxe":11,"minecraft:stone_shovel":6,"minecraft:oak_planks":21,"minecraft:wooden_pickaxe":34,"minecraft:iron_sword":66,"minecraft:sand":3,"minecraft:crafting_table":7,"minecraft:cod":5,"minecraft:black_bed":1,"minecraft:melon_slice":2,"minecraft:bread":3,"minecraft:stone_axe":66,"minecraft:beef":2,"minecraft:furnace":1,"minecraft:porkchop":2,"minecraft:cooked_porkchop":2,"minecraft:bucket":2,"tombstone:gift":2,"comforts:sleeping_bag_white":2,"minecraft:oak_boat":1,"minecraft:cooked_beef":9},"minecraft:crafted":{"unearthed_journey:black_walnut_planks":32,"minecraft:oak_planks":56,"minecraft:stone_shovel":1,"sophisticatedbackpacks:backpack":1,"minecraft:cooked_porkchop":6,"minecraft:crafting_table":3,"comforts:sleeping_bag_white":2,"minecraft:wooden_pickaxe":1,"minecraft:furnace":1,"minecraft:bucket":1,"minecraft:stone_axe":1,"minecraft:air":0,"minecraft:oak_boat":1,"minecraft:stick":12,"minecraft:stone_pickaxe":1,"minecraft:chest":1,"minecraft:stone_sword":1,"sophisticatedbackpacks:iron_backpack":1},"minecraft:dropped":{"hexerei:animal_fat":5,"minecraft:wheat_seeds":3,"hexerei:sage_seed":2,"minecraft:stone_sword":1,"minecraft:tnt":4,"minecraft:iron_helmet":2,"minecraft:light_gray_wool":1,"minecraft:oak_planks":1,"minecraft:iron_boots":2,"unearthed_journey:black_walnut_planks":22,"minecraft:carrot":2,"minecraft:filled_map":1,"minecraft:dirt":13,"minecraft:gray_wool":2,"minecraft:dark_oak_log":1,"minecraft:iron_chestplate":2,"minecraft:pink_wool":1,"minecraft:cooked_cod":4,"unearthed_journey:black_walnut_sapling":4,"minecraft:iron_leggings":2,"comforts:sleeping_bag_white":2,"minecraft:sand":3,"minecraft:armor_stand":3},"minecraft:killed":{"minecraft:pig":4,"minecraft:spider":1,"minecraft:sheep":9,"minecraft:skeleton":1,"minecraft:zombie":1,"minecraft:stray":12,"minecraft:cow":9},"minecraft:custom":{"minecraft:interact_with_furnace":15,"minecraft:mob_kills":37,"minecraft:interact_with_crafting_table":11,"minecraft:open_barrel":8,"minecraft:leave_game":1,"minecraft:time_since_death":69858,"minecraft:climb_one_cm":5363,"minecraft:sleep_in_bed":4,"minecraft:time_since_rest":9795,"minecraft:sprint_one_cm":207083,"minecraft:damage_taken":935,"minecraft:walk_one_cm":101084,"minecraft:drop":38,"minecraft:damage_dealt":4664,"minecraft:swim_one_cm":25218,"minecraft:fly_one_cm":387999,"minecraft:open_chest":21,"minecraft:crouch_one_cm":5746,"minecraft:play_time":69858,"tombstone:undead_killed":14,"minecraft:sneak_time":2329,"minecraft:walk_under_water_one_cm":6628,"minecraft:boat_one_cm":220166,"minecraft:jump":1531,"minecraft:walk_on_water_one_cm":6216,"minecraft:total_world_time":69858,"minecraft:fall_one_cm":48621},"minecraft:mined":{"minecraft:mossy_cobblestone":1,"minecraft:cobblestone_stairs":1,"minecraft:dark_oak_log":1,"minecraft:oak_fence":1,"minecraft:crafting_table":4,"minecraft:grass_block":5,"minecraft:chest":1,"unearthed_journey:black_walnut_log":12,"minecraft:tall_grass":6,"minecraft:hay_block":9,"minecraft:light_blue_wall_banner":1,"unearthed_journey:black_walnut_leaves":6,"minecraft:furnace":1,"minecraft:iron_ore":4,"minecraft:black_bed":1,"minecraft:grass":17,"minecraft:oak_log":3,"minecraft:coal_ore":3,"minecraft:packed_ice":1,"minecraft:deepslate_brick_stairs":1,"minecraft:cobweb":15,"minecraft:sand":6,"minecraft:dirt":9,"minecraft:spruce_wood":1,"minecraft:bamboo":2,"minecraft:stone":17,"minecraft:white_wool":6}},"DataVersion":3465}