{"stats":{"minecraft:picked_up":{"hexerei:animal_fat":5,"minecraft:crafting_table":2,"minecraft:leather":5,"minecraft:black_bed":1,"minecraft:porkchop":8,"minecraft:oak_log":3,"minecraft:dirt":12,"hexerei:sage_seed":2,"minecraft:wheat_seeds":3,"minecraft:beef":13,"minecraft:gray_wool":1,"unearthed_journey:black_walnut_log":8,"minecraft:mutton":6,"unearthed_journey:black_walnut_sapling":4,"minecraft:white_wool":2,"minecraft:cobblestone":17},"minecraft:used":{"minecraft:wooden_pickaxe":34,"minecraft:stone_axe":34,"minecraft:beef":2,"minecraft:crafting_table":2,"minecraft:cooked_porkchop":2,"minecraft:furnace":1,"minecraft:porkchop":2,"minecraft:black_bed":1},"minecraft:crafted":{"unearthed_journey:black_walnut_planks":32,"minecraft:oak_planks":12,"minecraft:cooked_porkchop":6,"minecraft:crafting_table":1,"minecraft:stick":8,"minecraft:wooden_pickaxe":1,"minecraft:stone_pickaxe":1,"minecraft:stone_sword":1,"minecraft:furnace":1,"minecraft:stone_axe":1,"minecraft:air":0},"minecraft:dropped":{"minecraft:dirt":12,"hexerei:animal_fat":5,"hexerei:sage_seed":2,"minecraft:wheat_seeds":3,"unearthed_journey:black_walnut_sapling":4,"minecraft:oak_planks":1},"minecraft:killed":{"minecraft:sheep":3,"minecraft:pig":4,"minecraft:cow":7},"minecraft:custom":{"minecraft:time_since_rest":14912,"minecraft:interact_with_furnace":15,"minecraft:sprint_one_cm":40889,"minecraft:damage_taken":120,"minecraft:walk_one_cm":23515,"minecraft:mob_kills":14,"minecraft:drop":13,"minecraft:damage_dealt":1340,"minecraft:interact_with_crafting_table":4,"minecraft:swim_one_cm":10092,"minecraft:fly_one_cm":137235,"minecraft:crouch_one_cm":1333,"minecraft:play_time":16698,"minecraft:sneak_time":840,"minecraft:walk_under_water_one_cm":545,"minecraft:jump":547,"minecraft:walk_on_water_one_cm":2450,"minecraft:time_since_death":16698,"minecraft:sleep_in_bed":2,"minecraft:climb_one_cm":2784,"minecraft:total_world_time":16698,"minecraft:fall_one_cm":15536},"minecraft:mined":{"unearthed_journey:black_walnut_leaves":6,"minecraft:black_bed":1,"minecraft:crafting_table":2,"minecraft:grass":15,"minecraft:grass_block":3,"minecraft:oak_log":3,"minecraft:dirt":9,"unearthed_journey:black_walnut_log":12,"minecraft:tall_grass":5,"minecraft:stone":17}},"DataVersion":3465}