{"stats":{"minecraft:killed_by":{"minecraft:skeleton":1},"minecraft:custom":{"minecraft:mob_kills":81,"minecraft:interact_with_crafting_table":26,"minecraft:open_barrel":21,"minecraft:leave_game":3,"minecraft:time_since_death":2195,"minecraft:climb_one_cm":7309,"minecraft:sprint_one_cm":479113,"minecraft:walk_one_cm":287679,"minecraft:damage_blocked_by_shield":2800,"minecraft:drop":75,"minecraft:play_time":146324,"minecraft:deaths":2,"minecraft:sneak_time":6218,"minecraft:walk_under_water_one_cm":10683,"minecraft:boat_one_cm":220166,"minecraft:jump":3293,"minecraft:interact_with_blast_furnace":3,"minecraft:walk_on_water_one_cm":13775,"minecraft:total_world_time":146324,"minecraft:interact_with_furnace":69,"minecraft:sleep_in_bed":5,"minecraft:time_since_rest":2051,"minecraft:damage_taken":3183,"minecraft:damage_dealt":15095,"minecraft:swim_one_cm":47377,"minecraft:fly_one_cm":820169,"minecraft:player_kills":1,"minecraft:open_chest":29,"minecraft:crouch_one_cm":14273,"tombstone:undead_killed":39,"minecraft:fall_one_cm":89012},"minecraft:used":{"minecraft:stone_sword":12,"minecraft:stone_shovel":37,"minecraft:shield":56,"minecraft:iron_sword":294,"minecraft:cooked_chicken":1,"minecraft:rotten_flesh":1,"minecraft:snowball":1,"minecraft:iron_axe":44,"minecraft:iron_helmet":1,"minecraft:beef":2,"minecraft:sweet_berries":12,"minecraft:furnace":7,"tombstone:gift":5,"comforts:sleeping_bag_white":3,"minecraft:cooked_beef":13,"minecraft:cobbled_deepslate":2,"minecraft:cooked_mutton":12,"minecraft:water_bucket":2,"minecraft:diorite":7,"minecraft:stone_pickaxe":88,"minecraft:oak_planks":30,"minecraft:wooden_pickaxe":34,"minecraft:sand":3,"minecraft:crafting_table":16,"minecraft:white_bed":2,"minecraft:black_bed":1,"minecraft:cod":5,"minecraft:bread":22,"minecraft:melon_slice":3,"minecraft:iron_pickaxe":137,"minecraft:gravel":1,"minecraft:stone_axe":81,"minecraft:fishing_rod":1,"minecraft:cobblestone":70,"minecraft:porkchop":2,"minecraft:cooked_porkchop":2,"minecraft:bucket":3,"minecraft:oak_boat":1},"minecraft:picked_up":{"minecraft:crafting_table":12,"minecraft:mud":6,"minecraft:iron_chestplate":3,"minecraft:pink_wool":1,"minecraft:potion":2,"minecraft:string":26,"minecraft:cooked_salmon":2,"minecraft:iron_leggings":4,"minecraft:armor_stand":3,"minecraft:iron_shovel":1,"minecraft:cobbled_deepslate":5,"comforts:sleeping_bag_white":4,"minecraft:beef":23,"minecraft:oak_boat":1,"minecraft:light_gray_wool":1,"minecraft:coal_block":16,"minecraft:sugar_cane":6,"unearthed_journey:black_walnut_sapling":4,"minecraft:iron_boots":3,"minecraft:furnace":8,"minecraft:tipped_arrow":4,"unusualprehistory:tar_fossil_item":4,"minecraft:raw_iron":61,"minecraft:torch":1,"minecraft:porkchop":11,"minecraft:diorite":8,"tombstone:grave_dust":14,"vampirism:vampire_fang":1,"minecraft:redstone":27,"hexerei:sage_seed":2,"minecraft:tnt":4,"minecraft:arrow":31,"minecraft:rotten_flesh":22,"minecraft:cooked_cod":4,"minecraft:hay_block":9,"minecraft:gold_ingot":3,"unearthed_journey:black_walnut_log":8,"minecraft:mutton":25,"minecraft:snowball":2,"minecraft:cobblestone":100,"minecraft:white_wool":15,"vampirism:vampire_blood_bottle":1,"minecraft:cooked_beef":11,"minecraft:black_bed":1,"minecraft:leather":9,"minecraft:flint":1,"minecraft:tuff":2,"minecraft:oak_log":14,"minecraft:gunpowder":1,"minecraft:lapis_lazuli":7,"minecraft:dirt":25,"minecraft:cooked_mutton":4,"minecraft:bone":22,"minecraft:light_blue_banner":1,"minecraft:gray_carpet":1,"minecraft:bow":1,"minecraft:wheat_seeds":3,"minecraft:heart_of_the_sea":1,"minecraft:iron_ingot":9,"unearthed_journey:black_walnut_planks":22,"minecraft:bamboo":22,"minecraft:oak_planks":28,"tombstone:scroll_of_frost_resistance":1,"minecraft:iron_sword":1,"hexerei:animal_fat":7,"minecraft:sweet_berries":11,"minecraft:gravel":1,"minecraft:sand":25,"minecraft:white_bed":1,"minecraft:spruce_log":16,"minecraft:dark_oak_log":1,"minecraft:spider_eye":2,"minecraft:diamond":2,"minecraft:iron_helmet":3,"minecraft:granite":3,"minecraft:gray_wool":2,"minecraft:emerald":6,"minecraft:bread":15,"tombstone:magic_scroll":1,"minecraft:netherrack":1,"minecraft:coal":35},"minecraft:broken":{"minecraft:shield":1,"minecraft:iron_sword":1,"minecraft:iron_helmet":1},"minecraft:killed":{"vampirism:vampire":3,"vampirism:advanced_vampire":1,"graveyard:revenant":3,"minecraft:spider":5,"minecraft:skeleton":5,"minecraft:husk":7,"minecraft:pig":5,"minecraft:zombie_villager":1,"minecraft:creeper":2,"minecraft:sheep":12,"minecraft:zombie":10,"unusualprehistory:sludge":1,"minecraft:stray":13,"minecraft:cow":11},"minecraft:dropped":{"minecraft:water_bucket":1,"minecraft:bread":34,"minecraft:wheat_seeds":3,"minecraft:tnt":4,"minecraft:iron_helmet":2,"minecraft:cobblestone":7,"unusualprehistory:tar_fossil_item":4,"minecraft:granite":3,"unearthed_journey:black_walnut_planks":22,"minecraft:dirt":25,"minecraft:gray_wool":2,"minecraft:dark_oak_log":1,"minecraft:diorite":1,"minecraft:torch":1,"minecraft:mutton":1,"minecraft:cooked_cod":4,"unearthed_journey:black_walnut_sapling":4,"minecraft:iron_leggings":2,"minecraft:sand":22,"minecraft:mud":6,"minecraft:armor_stand":3,"minecraft:stone_axe":1,"hexerei:animal_fat":7,"hexerei:sage_seed":2,"minecraft:cobbled_deepslate":3,"minecraft:stone_sword":1,"minecraft:tuff":2,"minecraft:rotten_flesh":19,"minecraft:light_gray_wool":1,"minecraft:oak_planks":1,"minecraft:iron_boots":2,"minecraft:carrot":2,"minecraft:filled_map":1,"vampirism:vampire_fang":1,"minecraft:spruce_planks":10,"minecraft:iron_chestplate":2,"minecraft:pink_wool":1,"minecraft:spider_eye":1,"comforts:sleeping_bag_white":4,"minecraft:stone_pickaxe":1,"minecraft:netherrack":1},"minecraft:crafted":{"minecraft:oak_planks":56,"minecraft:stone_shovel":1,"comforts:sleeping_bag_white":4,"minecraft:cooked_chicken":1,"minecraft:furnace":1,"minecraft:cooked_mutton":8,"minecraft:iron_axe":1,"minecraft:stone_pickaxe":1,"minecraft:chest":1,"sophisticatedbackpacks:iron_backpack":1,"minecraft:wheat":81,"unearthed_journey:black_walnut_planks":32,"minecraft:cooked_beef":2,"sophisticatedbackpacks:backpack":1,"minecraft:cooked_porkchop":6,"minecraft:crafting_table":4,"minecraft:spruce_planks":28,"minecraft:wooden_pickaxe":1,"minecraft:iron_helmet":1,"minecraft:iron_sword":1,"minecraft:bucket":1,"minecraft:stone_axe":1,"minecraft:bread":38,"minecraft:air":0,"minecraft:oak_boat":1,"minecraft:shield":2,"minecraft:iron_pickaxe":1,"minecraft:stick":56,"minecraft:iron_ingot":13,"minecraft:stone_sword":1,"minecraft:white_bed":1},"minecraft:mined":{"minecraft:tuff":2,"minecraft:mossy_cobblestone":1,"minecraft:deepslate_diamond_ore":2,"minecraft:cobblestone_stairs":1,"minecraft:dark_oak_log":1,"minecraft:granite":3,"minecraft:grass_block":8,"minecraft:coal_block":17,"minecraft:spruce_leaves":3,"minecraft:spawner":3,"minecraft:large_fern":1,"minecraft:hay_block":9,"minecraft:light_blue_wall_banner":1,"minecraft:furnace":8,"minecraft:fire":5,"minecraft:iron_ore":34,"minecraft:cobbled_deepslate":1,"minecraft:snow":1,"minecraft:deepslate_brick_stairs":1,"minecraft:packed_ice":1,"minecraft:spruce_wood":1,"minecraft:bamboo":4,"minecraft:stone":97,"minecraft:white_wool":6,"minecraft:deepslate_redstone_ore":6,"minecraft:oak_fence":1,"minecraft:crafting_table":12,"minecraft:chest":1,"unearthed_journey:black_walnut_log":12,"minecraft:tall_grass":6,"minecraft:cobblestone":5,"minecraft:oak_planks":27,"minecraft:lapis_ore":1,"minecraft:sugar_cane":1,"minecraft:diorite":8,"unearthed_journey:black_walnut_leaves":6,"minecraft:mud":6,"minecraft:sweet_berry_bush":5,"minecraft:ice":1,"minecraft:black_bed":1,"unusualprehistory:tar":23,"minecraft:grass":18,"minecraft:oak_log":3,"minecraft:coal_ore":6,"minecraft:gravel":3,"minecraft:sand":36,"minecraft:dirt":19,"minecraft:gray_carpet":1,"minecraft:cobweb":26,"minecraft:netherrack":1,"minecraft:deepslate":5,"minecraft:fern":1}},"DataVersion":3465}