{"stats":{"minecraft:killed":{"minecraft:pig":6,"minecraft:sheep":4,"minecraft:chicken":2,"minecraft:cow":1},"minecraft:crafted":{"minecraft:oak_planks":44,"minecraft:stone_shovel":1,"minecraft:cooked_porkchop":5,"minecraft:crafting_table":1,"minecraft:wooden_pickaxe":1,"minecraft:cooked_chicken":1,"minecraft:furnace":1,"minecraft:stone_axe":1,"minecraft:air":0,"minecraft:oak_boat":1,"minecraft:stick":8,"minecraft:stone_pickaxe":1,"minecraft:white_bed":1},"minecraft:picked_up":{"minecraft:birch_log":14,"minecraft:crafting_table":3,"minecraft:chicken":2,"minecraft:leather":2,"minecraft:oak_log":11,"minecraft:dirt":15,"minecraft:apple":1,"minecraft:wheat_seeds":1,"minecraft:beef":4,"minecraft:cooked_chicken":1,"minecraft:oak_boat":2,"minecraft:bamboo":13,"minecraft:melon_slice":37,"minecraft:sugar_cane":3,"minecraft:birch_sapling":5,"minecraft:oak_planks":60,"minecraft:furnace":3,"hexerei:animal_fat":11,"minecraft:stick":5,"minecraft:cooked_porkchop":3,"minecraft:porkchop":21,"vampirism:vampire_fang":1,"minecraft:white_bed":1,"hexerei:sage_seed":1,"minecraft:cactus":1,"minecraft:oak_sapling":5,"minecraft:mutton":7,"minecraft:white_wool":4,"minecraft:cobblestone":16},"minecraft:used":{"minecraft:stone_pickaxe":4,"minecraft:wooden_pickaxe":27,"minecraft:cooked_chicken":2,"minecraft:dirt":2,"minecraft:crafting_table":3,"minecraft:white_bed":1,"minecraft:stone_axe":40,"minecraft:furnace":3,"minecraft:cooked_porkchop":4,"minecraft:oak_boat":2},"minecraft:mined":{"minecraft:white_bed":1,"minecraft:crafting_table":3,"minecraft:grass_block":7,"minecraft:melon":7,"minecraft:sugar_cane":1,"minecraft:cactus":1,"minecraft:furnace":3,"minecraft:birch_log":14,"minecraft:grass":6,"minecraft:oak_log":11,"minecraft:dirt":8,"minecraft:bamboo":13,"minecraft:stone":16,"minecraft:oak_leaves":1,"minecraft:fern":3},"minecraft:custom":{"minecraft:interact_with_furnace":10,"minecraft:mob_kills":13,"minecraft:interact_with_crafting_table":9,"minecraft:open_barrel":2,"minecraft:leave_game":2,"minecraft:time_since_death":35931,"minecraft:sleep_in_bed":2,"minecraft:climb_one_cm":1054,"minecraft:time_since_rest":10143,"minecraft:sprint_one_cm":135291,"minecraft:damage_taken":190,"minecraft:walk_one_cm":35560,"minecraft:drop":5,"minecraft:damage_dealt":1100,"minecraft:swim_one_cm":14096,"minecraft:fly_one_cm":328222,"minecraft:open_chest":27,"minecraft:crouch_one_cm":156,"minecraft:play_time":35931,"minecraft:sneak_time":191,"minecraft:walk_under_water_one_cm":460,"minecraft:boat_one_cm":144000,"minecraft:jump":1197,"minecraft:walk_on_water_one_cm":4179,"minecraft:total_world_time":35931,"minecraft:fall_one_cm":42864},"minecraft:dropped":{"hexerei:animal_fat":5,"hexerei:sage_seed":1,"minecraft:wheat_seeds":1,"minecraft:apple":1,"minecraft:dirt":13}},"DataVersion":3465}