{"stats":{"minecraft:crafted":{"minecraft:oak_door":3,"minecraft:oak_planks":372,"minecraft:stone_shovel":1,"minecraft:furnace":5,"minecraft:cooked_mutton":7,"minecraft:iron_boots":2,"minecraft:stone_pickaxe":1,"minecraft:chest":6,"minecraft:stone_hoe":1,"minecraft:wheat":63,"minecraft:cooked_beef":4,"minecraft:cooked_porkchop":14,"minecraft:crafting_table":4,"minecraft:iron_helmet":1,"minecraft:wooden_pickaxe":1,"minecraft:iron_sword":1,"minecraft:bucket":1,"minecraft:birch_planks":48,"minecraft:stone_axe":1,"minecraft:bread":21,"minecraft:air":0,"minecraft:oak_boat":1,"minecraft:charcoal":10,"minecraft:stick":8,"minecraft:iron_ingot":7,"minecraft:stone_sword":1,"minecraft:white_bed":2,"minecraft:torch":28},"minecraft:used":{"minecraft:stone_sword":66,"minecraft:stone_shovel":74,"minecraft:chest":6,"minecraft:iron_sword":100,"minecraft:stone_hoe":18,"minecraft:oak_door":1,"minecraft:torch":19,"minecraft:dirt":94,"minecraft:carrot":15,"minecraft:granite":9,"minecraft:iron_block":1,"minecraft:furnace":7,"tombstone:gift":3,"minecraft:cooked_beef":4,"minecraft:egg":2,"minecraft:potato":6,"minecraft:cobbled_deepslate":1,"minecraft:pumpkin":3,"minecraft:cooked_mutton":2,"minecraft:water_bucket":12,"minecraft:diorite":2,"minecraft:birch_planks":2,"minecraft:oak_planks":311,"minecraft:stone_pickaxe":84,"minecraft:wooden_pickaxe":13,"minecraft:cookie":4,"minecraft:mossy_cobblestone":1,"minecraft:crafting_table":10,"alexscaves:cave_book":1,"minecraft:white_bed":4,"minecraft:black_bed":1,"minecraft:apple":13,"minecraft:bread":24,"minecraft:iron_pickaxe":216,"minecraft:stone_axe":99,"minecraft:cobblestone":40,"minecraft:cooked_porkchop":8,"minecraft:andesite":9,"minecraft:bucket":13,"minecraft:pumpkin_pie":1,"minecraft:oak_boat":2},"minecraft:killed":{"vampirism:advanced_vampire":1,"minecraft:spider":2,"minecraft:skeleton":11,"minecraft:pig":6,"minecraft:creeper":1,"raxiores:ladro_stocker":1,"minecraft:sheep":8,"minecraft:zombie":8,"unearthed_journey:reem":1,"minecraft:enderman":1,"minecraft:cow":4},"minecraft:picked_up":{"minecraft:crafting_table":6,"minecraft:iron_chestplate":1,"minecraft:chicken":1,"minecraft:chest_minecart":1,"minecraft:gold_block":1,"vampirism:holy_water_bottle_normal":1,"minecraft:string":9,"minecraft:iron_leggings":1,"minecraft:item_frame":1,"minecraft:cobbled_deepslate":59,"minecraft:beef":9,"minecraft:oak_boat":1,"unearthed_journey:repeater_bow":2,"minecraft:birch_sapling":6,"minecraft:furnace":2,"minecraft:egg":2,"minecraft:stick":32,"minecraft:raw_iron":51,"minecraft:oak_fence":4,"minecraft:torch":15,"minecraft:spruce_fence":1,"minecraft:porkchop":15,"minecraft:diorite":2,"tombstone:grave_dust":1,"vampirism:vampire_fang":1,"vampirism:amulet":1,"minecraft:redstone":32,"hexerei:witch_hazel_fence":1,"unearthed_journey:timeless_quaternary_lantern":1,"minecraft:cauldron":1,"minecraft:tnt":2,"hexerei:sage_seed":3,"vampirism:blood_bottle":1,"minecraft:stone_sword":1,"minecraft:arrow":9,"minecraft:rotten_flesh":12,"minecraft:beetroot_seeds":2,"minecraft:hay_block":25,"alexscaves:spelunkery_table":1,"minecraft:iron_block":1,"tombstone:scroll_of_aquatic_life":1,"minecraft:mutton":9,"vampirism:heart_seeker_enhanced":1,"minecraft:rail":10,"minecraft:white_wool":9,"minecraft:cobblestone":95,"minecraft:birch_log":12,"minecraft:cooked_beef":1,"minecraft:andesite":16,"minecraft:black_bed":2,"minecraft:leather":4,"minecraft:potato":3,"minecraft:birch_planks":2,"minecraft:tuff":2,"minecraft:oak_log":114,"minecraft:lapis_lazuli":35,"minecraft:dirt":120,"minecraft:bone":11,"minecraft:apple":2,"minecraft:bow":1,"minecraft:stonecutter":1,"minecraft:wheat_seeds":7,"minecraft:raw_gold":5,"vampirism:item_garlic":1,"vampirism:holy_water_bottle_ultimate":1,"minecraft:oak_planks":42,"hexerei:animal_fat":6,"minecraft:pumpkin":9,"minecraft:white_bed":3,"minecraft:spider_eye":2,"minecraft:mossy_cobblestone":1,"minecraft:granite":9,"minecraft:golden_apple":1,"minecraft:bread":20,"minecraft:oak_sapling":51,"minecraft:bricks":2,"minecraft:coal":14},"minecraft:killed_by":{"vampirism:advanced_vampire":1,"minecraft:player":2},"minecraft:mined":{"alexscaves:spelunkery_table":1,"minecraft:tuff":1,"minecraft:white_bed":3,"minecraft:mossy_cobblestone":1,"minecraft:granite":9,"minecraft:grass_block":83,"minecraft:spruce_fence":1,"minecraft:decorated_pot":1,"hexerei:witch_hazel_fence":1,"minecraft:spawner":1,"minecraft:hay_block":25,"minecraft:redstone_ore":3,"minecraft:furnace":1,"minecraft:iron_ore":14,"minecraft:andesite":12,"minecraft:pumpkin":4,"minecraft:deepslate_lapis_ore":3,"minecraft:gold_block":1,"minecraft:potatoes":3,"minecraft:deepslate_iron_ore":42,"minecraft:stone":93,"minecraft:iron_block":1,"minecraft:polished_granite_stairs":2,"minecraft:white_wool":1,"minecraft:deepslate_redstone_ore":5,"minecraft:powder_snow":22,"minecraft:oak_fence":5,"minecraft:crafting_table":6,"minecraft:torch":4,"minecraft:tall_grass":5,"minecraft:cobblestone":2,"minecraft:lapis_ore":3,"minecraft:deepslate_gold_ore":6,"minecraft:oak_planks":42,"minecraft:bricks":1,"minecraft:diorite":2,"minecraft:wall_torch":2,"minecraft:birch_planks":2,"minecraft:birch_log":12,"minecraft:tnt":1,"minecraft:black_bed":2,"minecraft:grass":47,"minecraft:oak_log":100,"minecraft:coal_ore":15,"minecraft:dirt":38,"minecraft:cobweb":7,"minecraft:stonecutter":1,"minecraft:deepslate":55},"minecraft:custom":{"minecraft:mob_kills":46,"minecraft:interact_with_crafting_table":28,"minecraft:open_barrel":4,"minecraft:damage_dealt_resisted":86,"minecraft:leave_game":6,"minecraft:time_since_death":5383,"minecraft:climb_one_cm":5184,"minecraft:sprint_one_cm":520966,"minecraft:walk_one_cm":262067,"minecraft:drop":69,"vampirism:interact_with_totem":2,"minecraft:play_time":143136,"minecraft:deaths":4,"minecraft:sneak_time":6507,"minecraft:walk_under_water_one_cm":4611,"minecraft:boat_one_cm":100115,"minecraft:jump":3208,"minecraft:walk_on_water_one_cm":12925,"minecraft:total_world_time":143136,"minecraft:interact_with_furnace":54,"minecraft:interact_with_loom":3,"minecraft:interact_with_stonecutter":1,"minecraft:sleep_in_bed":4,"minecraft:time_since_rest":5068,"minecraft:damage_taken":3190,"tombstone:sneak_grave":1,"minecraft:damage_dealt":7742,"minecraft:swim_one_cm":23497,"minecraft:fly_one_cm":713010,"minecraft:open_chest":37,"minecraft:crouch_one_cm":27713,"tombstone:undead_killed":19,"minecraft:fall_one_cm":111132},"minecraft:dropped":{"minecraft:iron_ingot":1,"minecraft:bread":25,"minecraft:wheat_seeds":5,"minecraft:golden_helmet":1,"minecraft:cooked_beef":1,"minecraft:oak_log":14,"minecraft:cooked_porkchop":6,"vampirism:heart_seeker_enhanced":2,"minecraft:oak_fence":4,"minecraft:iron_helmet":1,"minecraft:rail":1,"vampirism:amulet":1,"minecraft:leather_helmet":1,"minecraft:item_frame":1,"minecraft:cobweb":2,"minecraft:iron_block":2,"minecraft:dirt":23,"tombstone:grave_dust":3,"minecraft:iron_leggings":1,"minecraft:pumpkin":3,"hexerei:witch_hazel_fence":1,"minecraft:oak_door":2,"minecraft:bricks":1,"hexerei:animal_fat":6,"hexerei:sage_seed":2,"minecraft:stone_sword":2,"minecraft:cobbled_deepslate":2,"minecraft:tuff":2,"minecraft:birch_sapling":4,"minecraft:stone_shovel":1,"minecraft:rotten_flesh":12,"minecraft:oak_planks":1,"minecraft:iron_boots":1,"minecraft:cooked_mutton":5,"minecraft:spruce_fence":1,"minecraft:leather_chestplate":1,"vampirism:vampire_fang":1,"minecraft:skeleton_skull":1,"minecraft:iron_chestplate":1,"minecraft:andesite":3,"minecraft:beetroot_seeds":4,"minecraft:golden_leggings":1,"minecraft:arrow":4,"minecraft:wooden_pickaxe":1,"minecraft:stone_pickaxe":1}},"DataVersion":3465}