{"stats":{"minecraft:custom":{"minecraft:mob_kills":62,"minecraft:interact_with_crafting_table":18,"minecraft:open_barrel":14,"minecraft:leave_game":3,"minecraft:time_since_death":28555,"minecraft:climb_one_cm":5363,"minecraft:sprint_one_cm":384025,"minecraft:walk_one_cm":204205,"minecraft:drop":59,"minecraft:play_time":116324,"minecraft:deaths":1,"minecraft:sneak_time":4759,"minecraft:walk_under_water_one_cm":7800,"minecraft:boat_one_cm":220166,"minecraft:jump":2675,"minecraft:walk_on_water_one_cm":12043,"minecraft:total_world_time":116324,"minecraft:interact_with_furnace":45,"minecraft:sleep_in_bed":5,"minecraft:time_since_rest":28123,"minecraft:damage_taken":1805,"minecraft:damage_dealt":10586,"minecraft:swim_one_cm":26426,"minecraft:fly_one_cm":658404,"minecraft:player_kills":1,"minecraft:open_chest":24,"minecraft:crouch_one_cm":11132,"tombstone:undead_killed":26,"minecraft:fall_one_cm":73966},"minecraft:used":{"minecraft:stone_sword":12,"minecraft:stone_shovel":6,"minecraft:iron_sword":203,"minecraft:rotten_flesh":1,"minecraft:iron_axe":28,"minecraft:beef":2,"minecraft:sweet_berries":12,"minecraft:furnace":4,"tombstone:gift":3,"comforts:sleeping_bag_white":3,"minecraft:cooked_beef":9,"minecraft:cobbled_deepslate":2,"minecraft:cooked_mutton":8,"minecraft:water_bucket":2,"minecraft:diorite":7,"minecraft:stone_pickaxe":88,"minecraft:oak_planks":27,"minecraft:wooden_pickaxe":34,"minecraft:sand":3,"minecraft:crafting_table":12,"minecraft:black_bed":1,"minecraft:cod":5,"minecraft:bread":10,"minecraft:melon_slice":3,"minecraft:iron_pickaxe":100,"minecraft:gravel":1,"minecraft:stone_axe":81,"minecraft:cobblestone":43,"minecraft:porkchop":2,"minecraft:cooked_porkchop":2,"minecraft:bucket":3,"minecraft:oak_boat":1},"minecraft:picked_up":{"minecraft:crafting_table":9,"minecraft:mud":6,"minecraft:iron_chestplate":3,"minecraft:pink_wool":1,"minecraft:potion":1,"minecraft:string":26,"minecraft:cooked_salmon":2,"minecraft:iron_leggings":4,"minecraft:armor_stand":3,"minecraft:cobbled_deepslate":5,"comforts:sleeping_bag_white":4,"minecraft:beef":18,"minecraft:oak_boat":1,"minecraft:light_gray_wool":1,"minecraft:sugar_cane":6,"unearthed_journey:black_walnut_sapling":4,"minecraft:iron_boots":3,"minecraft:furnace":5,"minecraft:tipped_arrow":4,"unusualprehistory:tar_fossil_item":4,"minecraft:raw_iron":52,"minecraft:torch":1,"minecraft:porkchop":8,"minecraft:diorite":7,"tombstone:grave_dust":12,"vampirism:vampire_fang":1,"minecraft:redstone":27,"hexerei:sage_seed":2,"minecraft:tnt":4,"minecraft:arrow":28,"minecraft:rotten_flesh":10,"minecraft:cooked_cod":4,"minecraft:hay_block":9,"minecraft:gold_ingot":3,"unearthed_journey:black_walnut_log":8,"minecraft:mutton":24,"minecraft:cobblestone":96,"minecraft:white_wool":15,"vampirism:vampire_blood_bottle":1,"minecraft:cooked_beef":9,"minecraft:black_bed":1,"minecraft:leather":8,"minecraft:flint":1,"minecraft:tuff":1,"minecraft:oak_log":14,"minecraft:gunpowder":1,"minecraft:lapis_lazuli":7,"minecraft:dirt":23,"minecraft:cooked_mutton":4,"minecraft:bone":19,"minecraft:light_blue_banner":1,"minecraft:bow":1,"minecraft:wheat_seeds":3,"minecraft:heart_of_the_sea":1,"minecraft:iron_ingot":9,"unearthed_journey:black_walnut_planks":22,"minecraft:bamboo":16,"minecraft:oak_planks":28,"tombstone:scroll_of_frost_resistance":1,"minecraft:iron_sword":1,"hexerei:animal_fat":5,"minecraft:sweet_berries":11,"minecraft:gravel":1,"minecraft:sand":6,"minecraft:spruce_log":6,"minecraft:dark_oak_log":1,"minecraft:spider_eye":1,"minecraft:diamond":2,"minecraft:iron_helmet":3,"minecraft:granite":3,"minecraft:gray_wool":2,"minecraft:emerald":6,"minecraft:bread":15,"minecraft:coal":4},"minecraft:killed":{"vampirism:vampire":2,"vampirism:advanced_vampire":1,"graveyard:revenant":2,"minecraft:spider":4,"minecraft:skeleton":5,"minecraft:pig":4,"minecraft:zombie_villager":1,"minecraft:creeper":2,"minecraft:sheep":12,"minecraft:zombie":6,"unusualprehistory:sludge":1,"minecraft:stray":12,"minecraft:cow":9},"minecraft:dropped":{"minecraft:water_bucket":1,"minecraft:bread":24,"minecraft:wheat_seeds":3,"minecraft:tnt":4,"minecraft:iron_helmet":2,"minecraft:cobblestone":7,"unusualprehistory:tar_fossil_item":4,"unearthed_journey:black_walnut_planks":22,"minecraft:dirt":19,"minecraft:gray_wool":2,"minecraft:dark_oak_log":1,"minecraft:cooked_cod":4,"unearthed_journey:black_walnut_sapling":4,"minecraft:iron_leggings":2,"minecraft:sand":3,"minecraft:mud":6,"minecraft:armor_stand":3,"minecraft:stone_axe":1,"hexerei:animal_fat":5,"hexerei:sage_seed":2,"minecraft:cobbled_deepslate":1,"minecraft:stone_sword":1,"minecraft:tuff":1,"minecraft:rotten_flesh":9,"minecraft:light_gray_wool":1,"minecraft:oak_planks":1,"minecraft:iron_boots":2,"minecraft:carrot":2,"minecraft:filled_map":1,"vampirism:vampire_fang":1,"minecraft:spruce_planks":10,"minecraft:iron_chestplate":2,"minecraft:pink_wool":1,"minecraft:spider_eye":1,"comforts:sleeping_bag_white":4,"minecraft:stone_pickaxe":1},"minecraft:crafted":{"minecraft:oak_planks":56,"minecraft:stone_shovel":1,"comforts:sleeping_bag_white":4,"minecraft:furnace":1,"minecraft:cooked_mutton":8,"minecraft:iron_axe":1,"minecraft:stone_pickaxe":1,"minecraft:chest":1,"sophisticatedbackpacks:iron_backpack":1,"minecraft:wheat":81,"unearthed_journey:black_walnut_planks":32,"sophisticatedbackpacks:backpack":1,"minecraft:cooked_porkchop":6,"minecraft:crafting_table":4,"minecraft:spruce_planks":24,"minecraft:wooden_pickaxe":1,"minecraft:bucket":1,"minecraft:stone_axe":1,"minecraft:bread":36,"minecraft:air":0,"minecraft:oak_boat":1,"minecraft:iron_pickaxe":1,"minecraft:stick":56,"minecraft:iron_ingot":8,"minecraft:stone_sword":1},"minecraft:mined":{"minecraft:tuff":2,"minecraft:mossy_cobblestone":1,"minecraft:deepslate_diamond_ore":2,"minecraft:cobblestone_stairs":1,"minecraft:dark_oak_log":1,"minecraft:granite":3,"minecraft:grass_block":8,"minecraft:large_fern":1,"minecraft:hay_block":9,"minecraft:light_blue_wall_banner":1,"minecraft:furnace":4,"minecraft:iron_ore":34,"minecraft:cobbled_deepslate":1,"minecraft:deepslate_brick_stairs":1,"minecraft:packed_ice":1,"minecraft:spruce_wood":1,"minecraft:bamboo":2,"minecraft:stone":93,"minecraft:white_wool":6,"minecraft:deepslate_redstone_ore":6,"minecraft:oak_fence":1,"minecraft:crafting_table":9,"minecraft:chest":1,"unearthed_journey:black_walnut_log":12,"minecraft:tall_grass":6,"minecraft:cobblestone":4,"minecraft:oak_planks":27,"minecraft:lapis_ore":1,"minecraft:sugar_cane":1,"minecraft:diorite":7,"unearthed_journey:black_walnut_leaves":6,"minecraft:mud":6,"minecraft:sweet_berry_bush":5,"minecraft:ice":1,"minecraft:black_bed":1,"unusualprehistory:tar":23,"minecraft:grass":17,"minecraft:oak_log":3,"minecraft:coal_ore":3,"minecraft:gravel":2,"minecraft:sand":6,"minecraft:dirt":16,"minecraft:cobweb":26,"minecraft:deepslate":5,"minecraft:fern":1}},"DataVersion":3465}