{"stats":{"minecraft:killed_by":{"minecraft:skeleton":1},"minecraft:custom":{"minecraft:time_since_rest":5773,"minecraft:crouch_one_cm":3505,"minecraft:sprint_one_cm":28774,"minecraft:play_time":9669,"minecraft:deaths":1,"minecraft:damage_taken":390,"minecraft:walk_one_cm":6801,"minecraft:sneak_time":743,"minecraft:walk_under_water_one_cm":1759,"minecraft:drop":3,"minecraft:jump":316,"minecraft:damage_dealt":20,"minecraft:leave_game":2,"minecraft:time_since_death":8172,"minecraft:walk_on_water_one_cm":3772,"minecraft:total_world_time":9669,"minecraft:climb_one_cm":428,"minecraft:swim_one_cm":10101,"minecraft:fall_one_cm":11921,"minecraft:fly_one_cm":91210},"minecraft:used":{"minecraft:moss_carpet":2,"minecraft:glow_berries":6},"minecraft:picked_up":{"minecraft:wheat_seeds":2,"minecraft:ink_sac":2,"minecraft:moss_block":1,"minecraft:glow_berries":8,"alexsmobs:animal_dictionary":1,"minecraft:moss_carpet":2},"minecraft:mined":{"minecraft:large_fern":1,"minecraft:grass":3,"minecraft:cave_vines":1,"minecraft:tall_grass":2,"minecraft:moss_block":1},"minecraft:dropped":{"minecraft:wheat_seeds":2,"alexsmobs:animal_dictionary":1}},"DataVersion":3465}