{"stats":{"minecraft:picked_up":{"minecraft:crafting_table":1,"minecraft:black_bed":1,"minecraft:oak_log":3},"minecraft:used":{"minecraft:crafting_table":1,"minecraft:black_bed":1},"minecraft:crafted":{"minecraft:oak_planks":12,"minecraft:crafting_table":1,"minecraft:stick":8,"minecraft:wooden_pickaxe":1},"minecraft:dropped":{"minecraft:oak_planks":1},"minecraft:custom":{"minecraft:time_since_rest":2912,"minecraft:play_time":4698,"minecraft:sprint_one_cm":11768,"minecraft:interact_with_furnace":1,"minecraft:damage_taken":45,"minecraft:walk_one_cm":11049,"minecraft:walk_under_water_one_cm":121,"minecraft:drop":1,"minecraft:jump":82,"minecraft:time_since_death":4698,"minecraft:walk_on_water_one_cm":1105,"minecraft:sleep_in_bed":2,"minecraft:total_world_time":4698,"minecraft:climb_one_cm":2784,"minecraft:swim_one_cm":2627,"minecraft:interact_with_crafting_table":1,"minecraft:fall_one_cm":2196,"minecraft:fly_one_cm":21157},"minecraft:mined":{"minecraft:oak_log":3,"minecraft:black_bed":1,"minecraft:crafting_table":1}},"DataVersion":3465}