{"stats":{"minecraft:crafted":{"minecraft:oak_boat":1,"minecraft:oak_planks":44,"minecraft:stone_shovel":1,"minecraft:crafting_table":1,"minecraft:stick":8,"minecraft:wooden_pickaxe":1,"minecraft:cooked_chicken":1,"minecraft:stone_pickaxe":1,"minecraft:furnace":1,"minecraft:stone_axe":1,"minecraft:air":0},"minecraft:killed":{"minecraft:sheep":4,"minecraft:pig":6,"minecraft:chicken":2,"minecraft:cow":1},"minecraft:picked_up":{"minecraft:birch_log":14,"hexerei:animal_fat":11,"minecraft:stick":5,"minecraft:crafting_table":2,"minecraft:chicken":2,"minecraft:cooked_porkchop":3,"minecraft:leather":2,"minecraft:porkchop":17,"minecraft:oak_log":11,"vampirism:vampire_fang":1,"minecraft:dirt":15,"hexerei:sage_seed":1,"minecraft:apple":1,"minecraft:wheat_seeds":1,"minecraft:beef":4,"minecraft:oak_boat":1,"minecraft:cooked_chicken":1,"minecraft:mutton":7,"minecraft:bamboo":13,"minecraft:oak_sapling":5,"minecraft:melon_slice":37,"minecraft:birch_sapling":5,"minecraft:oak_planks":51,"minecraft:white_wool":4,"minecraft:cobblestone":16,"minecraft:furnace":2},"minecraft:used":{"minecraft:stone_pickaxe":2,"minecraft:wooden_pickaxe":27,"minecraft:cooked_chicken":2,"minecraft:stone_axe":37,"minecraft:dirt":2,"minecraft:crafting_table":2,"minecraft:furnace":3,"minecraft:cooked_porkchop":3,"minecraft:oak_boat":1},"minecraft:mined":{"minecraft:furnace":2,"minecraft:birch_log":14,"minecraft:crafting_table":2,"minecraft:grass":6,"minecraft:grass_block":7,"minecraft:oak_log":11,"minecraft:melon":7,"minecraft:dirt":8,"minecraft:bamboo":13,"minecraft:stone":16,"minecraft:oak_leaves":1,"minecraft:fern":3},"minecraft:custom":{"minecraft:time_since_rest":10516,"minecraft:interact_with_furnace":7,"minecraft:sprint_one_cm":107736,"minecraft:damage_taken":190,"minecraft:walk_one_cm":27836,"minecraft:mob_kills":13,"minecraft:drop":5,"minecraft:damage_dealt":1100,"minecraft:swim_one_cm":7967,"minecraft:interact_with_crafting_table":5,"minecraft:fly_one_cm":224946,"minecraft:open_barrel":2,"minecraft:open_chest":26,"minecraft:crouch_one_cm":156,"minecraft:play_time":25059,"minecraft:walk_under_water_one_cm":292,"minecraft:sneak_time":190,"minecraft:boat_one_cm":38070,"minecraft:jump":867,"minecraft:leave_game":1,"minecraft:walk_on_water_one_cm":1585,"minecraft:time_since_death":25059,"minecraft:sleep_in_bed":1,"minecraft:climb_one_cm":1054,"minecraft:total_world_time":25059,"minecraft:fall_one_cm":30700},"minecraft:dropped":{"minecraft:dirt":13,"hexerei:animal_fat":5,"minecraft:wheat_seeds":1,"hexerei:sage_seed":1,"minecraft:apple":1}},"DataVersion":3465}