{"stats":{"minecraft:dropped":{"hexerei:animal_fat":3,"hexerei:sage_seed":1,"minecraft:wheat_seeds":3,"minecraft:oak_fence":1,"minecraft:spruce_fence":1,"minecraft:leather_helmet":1,"minecraft:item_frame":1,"minecraft:cobweb":2,"minecraft:wooden_pickaxe":1},"minecraft:picked_up":{"minecraft:crafting_table":3,"minecraft:chicken":1,"minecraft:leather":1,"minecraft:oak_log":16,"minecraft:dirt":12,"minecraft:item_frame":1,"minecraft:wheat_seeds":4,"minecraft:beef":4,"unearthed_journey:repeater_bow":1,"minecraft:egg":1,"hexerei:animal_fat":3,"minecraft:stick":4,"minecraft:raw_iron":1,"minecraft:pumpkin":6,"minecraft:oak_fence":1,"minecraft:spruce_fence":1,"minecraft:porkchop":9,"minecraft:white_bed":2,"hexerei:sage_seed":2,"minecraft:hay_block":7,"minecraft:oak_sapling":11,"minecraft:mutton":5,"minecraft:coal":2,"minecraft:cobblestone":38,"minecraft:white_wool":4},"minecraft:crafted":{"minecraft:oak_planks":64,"minecraft:crafting_table":1,"minecraft:wooden_pickaxe":1,"minecraft:stone_axe":1,"minecraft:bread":21,"minecraft:stick":4,"minecraft:stone_pickaxe":1,"minecraft:white_bed":1,"minecraft:wheat":63},"minecraft:mined":{"minecraft:white_bed":2,"minecraft:oak_fence":1,"minecraft:crafting_table":3,"minecraft:spruce_fence":1,"minecraft:grass_block":5,"minecraft:decorated_pot":1,"minecraft:hay_block":7,"minecraft:iron_ore":3,"minecraft:pumpkin":4,"minecraft:grass":7,"minecraft:oak_log":16,"minecraft:coal_ore":3,"minecraft:dirt":7,"minecraft:stone":38,"minecraft:polished_granite_stairs":2},"minecraft:custom":{"minecraft:interact_with_furnace":1,"minecraft:mob_kills":10,"minecraft:interact_with_crafting_table":4,"minecraft:open_barrel":2,"minecraft:leave_game":1,"minecraft:time_since_death":27793,"minecraft:sleep_in_bed":2,"minecraft:climb_one_cm":1881,"minecraft:time_since_rest":8109,"minecraft:sprint_one_cm":118693,"minecraft:damage_taken":475,"minecraft:walk_one_cm":39397,"minecraft:drop":12,"minecraft:damage_dealt":1017,"minecraft:swim_one_cm":3313,"minecraft:fly_one_cm":190905,"minecraft:open_chest":8,"minecraft:crouch_one_cm":4454,"minecraft:play_time":27793,"minecraft:sneak_time":1175,"minecraft:walk_under_water_one_cm":47,"minecraft:jump":762,"minecraft:walk_on_water_one_cm":2870,"minecraft:total_world_time":27793,"minecraft:fall_one_cm":25128},"minecraft:used":{"minecraft:stone_pickaxe":26,"minecraft:oak_planks":6,"minecraft:wooden_pickaxe":13,"minecraft:cookie":2,"minecraft:crafting_table":3,"minecraft:carrot":8,"minecraft:white_bed":2,"minecraft:apple":6,"minecraft:bread":5,"minecraft:iron_pickaxe":17,"minecraft:stone_axe":27,"minecraft:egg":1,"minecraft:pumpkin":3},"minecraft:killed":{"minecraft:pig":4,"minecraft:sheep":4,"minecraft:cow":2}},"DataVersion":3465}