{"stats":{"minecraft:picked_up":{"minecraft:iron_chestplate":3,"minecraft:crafting_table":3,"minecraft:cooked_beef":9,"minecraft:black_bed":1,"minecraft:leather":5,"minecraft:pink_wool":1,"minecraft:oak_log":3,"minecraft:dirt":12,"minecraft:iron_leggings":4,"minecraft:armor_stand":3,"minecraft:wheat_seeds":3,"comforts:sleeping_bag_white":2,"minecraft:beef":13,"minecraft:light_gray_wool":1,"unearthed_journey:black_walnut_planks":22,"unearthed_journey:black_walnut_sapling":4,"minecraft:iron_boots":3,"minecraft:furnace":1,"hexerei:animal_fat":5,"minecraft:raw_iron":4,"minecraft:porkchop":8,"hexerei:sage_seed":2,"minecraft:hay_block":9,"minecraft:iron_helmet":3,"minecraft:gray_wool":2,"unearthed_journey:black_walnut_log":8,"minecraft:mutton":10,"minecraft:coal":2,"minecraft:white_wool":9,"minecraft:cobblestone":17},"minecraft:used":{"minecraft:stone_sword":11,"minecraft:stone_pickaxe":8,"minecraft:wooden_pickaxe":34,"minecraft:crafting_table":3,"minecraft:black_bed":1,"minecraft:stone_axe":48,"minecraft:beef":2,"minecraft:porkchop":2,"minecraft:furnace":1,"minecraft:cooked_porkchop":2,"comforts:sleeping_bag_white":1,"minecraft:cooked_beef":3},"minecraft:crafted":{"unearthed_journey:black_walnut_planks":32,"minecraft:oak_planks":12,"minecraft:cooked_porkchop":6,"minecraft:crafting_table":1,"comforts:sleeping_bag_white":2,"minecraft:wooden_pickaxe":1,"minecraft:furnace":1,"minecraft:stone_axe":1,"minecraft:air":0,"minecraft:stick":8,"minecraft:stone_pickaxe":1,"minecraft:stone_sword":1},"minecraft:dropped":{"hexerei:animal_fat":5,"minecraft:wheat_seeds":3,"hexerei:sage_seed":2,"minecraft:iron_helmet":2,"minecraft:oak_planks":1,"minecraft:iron_boots":2,"minecraft:dirt":12,"minecraft:gray_wool":2,"minecraft:iron_chestplate":2,"unearthed_journey:black_walnut_sapling":4,"minecraft:iron_leggings":2,"comforts:sleeping_bag_white":2},"minecraft:killed":{"minecraft:pig":4,"minecraft:spider":1,"minecraft:sheep":6,"minecraft:cow":7},"minecraft:custom":{"minecraft:interact_with_furnace":15,"minecraft:mob_kills":18,"minecraft:interact_with_crafting_table":5,"minecraft:open_barrel":1,"minecraft:time_since_death":28698,"minecraft:sleep_in_bed":3,"minecraft:climb_one_cm":2784,"minecraft:time_since_rest":4589,"minecraft:sprint_one_cm":81194,"minecraft:damage_taken":390,"minecraft:walk_one_cm":46631,"minecraft:drop":25,"minecraft:damage_dealt":1919,"minecraft:swim_one_cm":12823,"minecraft:fly_one_cm":186277,"minecraft:open_chest":3,"minecraft:crouch_one_cm":3006,"minecraft:play_time":28698,"minecraft:sneak_time":1329,"minecraft:walk_under_water_one_cm":3563,"minecraft:boat_one_cm":85467,"minecraft:jump":747,"minecraft:walk_on_water_one_cm":4252,"minecraft:total_world_time":28698,"minecraft:fall_one_cm":22667},"minecraft:mined":{"minecraft:oak_fence":1,"minecraft:crafting_table":3,"minecraft:grass_block":3,"unearthed_journey:black_walnut_log":12,"minecraft:tall_grass":6,"minecraft:hay_block":9,"unearthed_journey:black_walnut_leaves":6,"minecraft:furnace":1,"minecraft:iron_ore":4,"minecraft:black_bed":1,"minecraft:grass":16,"minecraft:oak_log":3,"minecraft:coal_ore":3,"minecraft:dirt":9,"minecraft:stone":17,"minecraft:white_wool":6}},"DataVersion":3465}